FA21-BSCVE-B5,Engineering Geology,1,1000,CVE Engr. Bilal Rafiq,C2
FA21-BSCVE-B5,Differential Equations,1,10,EE Ms Amna Bashir,A2.2
FA21-BSCVE-B5,Civil Engineering Materials,1,100,CVE Engr. Fayyaz Ulhaq,B3
FA20-BSCVE-B4,Mechanics of Solids II,1,1,CVE Engr. Shad Muhammad,A3
FA20-BSCVE-B4,Advanced Fluid Mechanics,1,1000,CVE Engr. H. M. Sohaib Yasin,A1.2
FA20-BSCVE-B4,Advanced Surveying,1,10,CVE Engr. Tafheem Abbas,W4
FA20-BSCVE-B4,Advanced Surveying,1,100,CVE Engr. H. M. Sohaib Yasin,Surveying Lab
FA19-BSCVE-B3,Civil Engineering Construction and Graphics,1,1000,CVE Engr. Shad Muhammad,C1.4
FA19-BSCVE-B3,Civil Engineering Construction and Graphics,1,10,CVE Engr. Shad Muhammad,A2.1
FA19-BSCVE-B3,Water Supply Engineering,1,100,CVE Engr. Tafheem Abbas,Engineering Mechanics Lab
FA18-BSCVE-B2,Entrepreneurship,1,1000,ME Dr. Salman Mustafa,C3
FA18-BSCVE-B2,Quantity Survey and Cost Estimation,1,10,CVE Engr. Muhammad Shakil,B9
FA18-BSCVE-B2,Final Year Project (Part II),1,10001,TBD,FYP Lab
FA18-BSCVE-B2,Reinforced Concrete Design?II,1,100,CVE Engr. Waqar Ahsan,Cisco Lab
FA21-BSEE-B10A,Digital Logic Design,1,1,EE Dr. Saeeda,A1.3
FA21-BSEE-B10A,Multivariable Calculus,1,100,EE Dr Musab,A1.3
FA21-BSEE-B10A,Differential Equations,1,10,EE Ms Amna Bashir,A2.2
FA21-BSEE-B10A,Electric Circuits Analysis I,1,1000,EE Dr Tariq Shahzad,A2.8
FA20-BSEE-B9A,Probability Methods in Engineering,1,1,EE Dr. Abuzar Baqir,A1.2
FA20-BSEE-B9A,Electronics II,1,10000,EE Dr Sohaib,A2.1
FA20-BSEE-B9A,Electrical Measurements and Instrumentation,1,100,EE Mr. Ahsan,EMILab
FA19-BSEE-B8A,Digital Signal Processing,1,101,EE Dr Saqib Saleem,A2.1
FA19-BSEE-B8A,Electric Machines,1,10000,EE Dr Ghulam Farid,A2.2
FA19-BSEE-B8A,Data Communications and Computer Networks,1,10,EE Mr Asad Ali Khan,DigitalLab
FA19-BSEE-B8A,Electric Machines,1,1000,EE Mr Asim,MachineLab
FA21-BSME-B17-A,Multivariable Calculus,1,1000,MT Dr Asma,C1.1
FA21-BSME-B17-A,Multivariable Calculus,1,10,MT Dr Asma,C1.4
FA21-BSME-B17-A,Engineering Materials,1,100,ME Mr. Muzammil Hussain,A1.2
FA20-BSME-B16-A,Mechanics of Materials II,1,10000,ME Mr. Salman Nawaz,MachineLab
FA20-BSME-B16-A,Mechanics of Materials Lab,1,100,ME Mr. Jawad,Mechanics of Materials Lab
FA20-BSME-B16-A,Mechanics of Materials Lab,1,100,ME Mr. Ghulam Mustafa,Mechanics of Materials Lab
FA20-BSME-B16-A,Report Writing Skills,1,10,ME Mr. Ziaullah,HMT LAB
FA20-BSME-B16-B,Circuits and Electronics,1,100,ME Mr. Khawar Hussain,A1
FA20-BSME-B16-B,Statistics and Probability Theory,1,1,EE Mr. Khalid Majeed,W2
FA19-BSME-B15-A,Machine Design (1hr),1,1,ME Mr. Salman Nawaz,MachineLab
FA19-BSME-B15-B,Mechanics of Machines II,1,100,ME Mr. Muhammad Hunzala,C3
FA19-BSME-B15-B,Mechanics of Machines II,1,10,ME Mr. Muhammad Hunzala,A1
FA19-BSME-B15-B,Instrumentation and Measurement,1,1,ME Mr. Muzammil Hussain,A1
FA18-BSME-B14-A,IC Engines & Power Plants Lab,1,1000,ME Mr. Naveed,Thermodynamics Lab
FA18-BSME-B14-A,IC Engines & Power Plants Lab,1,1000,ME Mr. Zafar,Thermodynamics Lab
FA18-BSME-B14-B,Control Engineering,1,1000,ME Mr. Khawar Hussain,A3
FA18-BSME-B14-B,Finite Element Analysis (1 hr),1,100,ME Mr. Ziaullah,Thermodynamics Lab
FA21-BSBI-B25,Pakistan Studies,1,100,MS Mr M Zia Hassan,B10
FA21-BSBI-B25,Introduction to Sociology,1,10,MS Mr M Zia Hassan,B14
SP21-BSBI-B24,Communication Skills,1,110,MS Mr M Badar Iqbal,B12
SP21-BSBI-B24,Discrete Mathematics,1,1000,MT Dr Amar,W1
SP21-BSBI-B24,Linux for Biological Sciences,1,10000,BI Ms Anum,C Lab1
FA20-BSBI-B23,Object Oriented Programming,1,1000,EE Mr. Munawar,C1.3
FA20-BSBI-B23,Object Oriented Programming,1,100,EE Mr. Munawar,A1.1
FA20-BSBI-B23,Introduction to Bioinformatics ,1,1,BI Dr Azhar,B3
FA20-BSBI-B23,Fundamentals of Genetics ,1,10,BI Dr.Sumaira,B8
SP20-BSBI-B22,Bioinformatics Database Development,1,1,CS Dr Farhan,C5
SP20-BSBI-B22,Bioinformatics Analysis ,1,10,BI Dr Qudsia,C1.3
SP20-BSBI-B22,Biotechnology I ,1,100,BI Ms Tamsila,B4
SP20-BSBI-B22,Bioinformatics Analysis ,1,1000,BI Adnan Tahir,CAD CAM Lab
FA19-BSBI-B21,Statistics and Probability Theory,1,100,MT Mr. Fakhar,C2.5
FA19-BSBI-B21,Structural and Functional Bioinformatics ,1,1000,BI Ms Anum,C Lab1
FA19-BSBI-B21,Bioinformatics Scripting,1,10,BI MS Faiza,C Lab1
FA19-BSBI-B21,Bioinformatics Scripting,1,1,BI MS Faiza,C lab5
SP22-FSN-B8,Introduction to Computing,1,1,EE Dr Talha Younas,C3
SP22-FSN-B8,Introduction to Food Sciences and Nutrition,1,100,BI Dr Wasim,C1.2
SP22-FSN-B8,Mathematics I,1,1000,MT Dr Sabir,B14
FA21-FSN-B7,Food Saftey and Security,1,10000,BI Ms Tamsila,C1.1
FA21-FSN-B7,Introduction to Food Chemistry,1,1,BI Adnan Tahir,C1.3
FA21-FSN-B7,Food Saftey and Security,1,1000,BI Ms Tamsila,C2.4
FA21-FSN-B7,Pakistan Studies,1,100,MS Mr M Zia Hassan,B10
FA21-FSN-B7,Cereal Science,1,10,FSN MS Ruhsha Fatima,FSN Lab
SP21-FSN-B6,Communication Skills,1,110,MS Mr M Badar Iqbal,B12
SP21-FSN-B6,Food Analysis,1,1000,FSN MS Anum,Bio Lab
FA20-FSN-B5-A,Confectionery and Snack Food,1,100,FSN MS Summar,W2
FA20-FSN-B5-A,Confectionery and Snack Food,1,10000,FSN MS Summar,FSN Lab
FA20-FSN-B5-B,Confectionery and Snack Food,1,100,FSN MS Oswa,C2.3
FA20-FSN-B5-B,Nutritional Quality Management,1,10000,BI Dr Wasim,W1
FA20-FSN-B5-B,Confectionery and Snack Food,1,1000,FSN MS Oswa,FSN Lab
SP20-FSN-B4,Sensory Evaluation of Foods,1,10000,FSN MS Anum,C5
SP20-FSN-B4,Poultry and egg processing,1,10,FSN Ms Zahra,Bio Lab
FA19-FSN-B3-A,Metabolism,1,1,BI Dr Hammad,C2.2
FA19-FSN-B3-A,Food Analysis,1,10,FSN MS Oswa,W3
FA19-FSN-B3-A,Nutritional Counselling,1,10000,FSN Ammara Ishtiaq,Bio Lab
FA19-FSN-B3-B,Nutritional Counselling,1,100,BI Adnan Tahir,C2.2
SP19-FSN-B2-A,Sugar and Beverage Technology,1,1000,FSN MS Summar,B6
SP19-FSN-B2-A,Processing of Fruits and Vegetables,1,10000,FSN MS Ammara,W4
SP19-FSN-B2-A,Food Microbiology,1,101,FSN Ms Zahra,FSN Lab
SP19-FSN-B2-B,Functional and Nutraceutical Foods,1,10,BI Mr Saad,C1
SP19-FSN-B2-B,Functional and Nutraceutical Foods,1,10000,BI Mr Saad,C2.3
SP19-FSN-B2-B,Processing of Fruits and Vegetables,1,1000,FSN MS Ammara,B7
SP19-FSN-B2-B,Sugar and Beverage Technology,1,100,FSN Ms Maha,Bio Lab
SP19-FSN-B2-B,Processing of Fruits and Vegetables,1,1,FSN MS Ammara,Bio Lab
SP22-BS(SE)-1-A,Mathematics I,1,10000,ME Mr. Zafar,C1
SP22-BS(SE)-1-A,English Comprehesion and Composition,1,10,CVE Ms. Saima Batool,C5
SP22-BS(SE)-1-A,Pakistan Studies,1,100,CVE Engr. Khadim Hussain,C1.4
SP22-BS(SE)-1-A,English Comprehesion and Composition,1,1,CVE Ms. Saima Batool,A2.2
SP22-BS(SE)-1-A,Applied Physics for Engineers,1,1000,EE Mr. Ahsan,Physics Lab
FA21-BS(SE)-2-A,Multivariable Calculus,1,1000,MT Dr. Afshan,B3
FA21-BS(SE)-2-A,Multivariable Calculus,1,100,MT Dr. Afshan,B9
FA21-BS(SE)-2-A,Programming Fundamentals,1,10000,CS Mr. Usman Ali,C Lab2
FA21-BS(SE)-2-A,Communication Skills,1,10,EE Ms. Sabeen,A2.8
FA21-BS(SE)-2-B,Professional Practices for IT,1,1000,CS Mr. Usman Nasir,A1
FA21-BS(SE)-2-B,Communication Skills,1,10000,EE Ms. Sabeen,A1.3
FA21-BS(SE)-2-B,Multivariable Calculus,1,10,MT Dr. Afshan,A1.3
FA21-BS(SE)-2-B,Communication Skills,1,100,EE Ms. Sabeen,W3
FA21-BS(SE)-2-C,Multivariable Calculus,1,1,MT Dr. Afshan,A1.1
FA21-BS(SE)-2-C,Communication Skills,1,1000,EE Ms. Sabeen,A1.3
FA21-BS(SE)-2-C,Professional Practices for IT,1,10,CS Mr. Usman Nasir,W2
FA21-BS(SE)-2-C,Programming Fundamentals,1,100,CS Mr. Usman Ali,C Lab2
SP21-BS(SE)-3-A,Digital Logic Design,1,10000,EE Dr. Saeeda,C3
SP21-BS(SE)-3-A,Data Communications and Computer Networks,1,100,EE Dr Saqlain,A3
SP21-BS(SE)-3-A,Object Oriented Programming,1,10,CS Mr Shafqat Ali,C Lab2
SP21-BS(SE)-3-A,Introduction to SE,1,1000,CS Ms. Aniqa Khawar,C lab5
FA20-BS(SE)-4-A,Data Structures and Algorithms,1,1000,CS Mr. Zafar Iqbal Roy,C5
FA20-BS(SE)-4-A,Data Structures and Algorithms,1,10000,CS Mr. Zafar Iqbal Roy,C2.4
FA20-BS(SE)-4-A,Database System - I,1,10,CS Mr. Tariq Rafiq,W1
FA20-BS(SE)-4-A,Database System - I,1,1,CS Sharmeen Mahmood,C Lab2
FA20-BS(SE)-4-A,Database System - I,1,100,CS Sharmeen Mahmood,C Lab3
FA20-BS(SE)-4-B,Differential Equations,1,100,MT Dr. Sami Ullah,B13
FA20-BS(SE)-4-B,Object Oriented SE,1,1000,CS MS Rabail Asghar,C Lab2
FA20-BS(SE)-4-B,Data Structures and Algorithms,1,10000,CS Ms. Arooj Fatima,C Lab3
FA20-BS(SE)-4-B,Object Oriented SE,1,10,CS MS Rabail Asghar,C Lab3
FA20-BS(SE)-4-B,Game Development,1,1,CS Ms. Amina Hussain,Cisco Lab
FA20-BS(SE)-4-C,Object Oriented SE,1,1,CS Ms. Uzma Latif,C1
FA20-BS(SE)-4-C,Game Development,1,1000,CS Mr. Ali Sher Kashif,B5
FA20-BS(SE)-4-C,Game Development,1,10000,CS Ms. Amina Hussain,C Lab4
FA20-BS(SE)-4-C,Database System - I,1,10,CS Sharmeen Mahmood,C Lab4
FA20-BS(SE)-4-C,Object Oriented SE,1,100,CS MS Rabail Asghar,MS Lab
SP20-BS(SE)-5-A,Introduction to Mnagement,1,10000,MS Mr Bilal Mian,B13
SP20-BS(SE)-5-A,Introduction to Mnagement,1,100,MS Mr Bilal Mian,B14
SP20-BS(SE)-5-A,Data Communications and Computer Networks,1,1,EE Mr Asad Ali Khan,C Lab3
FA19-BS(SE)-6-A,Introduction to Data Science,1,1,CS Ms. Raheela Shahzadi,C2
FA19-BS(SE)-6-A,Information Security,1,10,CS Mr. Muhammad Umar,C4
FA19-BS(SE)-6-A,Introduction to Data Science,1,1000,CS Ms. Raheela Shahzadi,C2.5
FA19-BS(SE)-6-B,Introduction to Data Science,1,10000,CS Ms. Raheela Shahzadi,C2
FA19-BS(SE)-6-B,Information Security,1,100,CS Mr. Muhammad Umar,C2
FA19-BS(SE)-6-B,Introduction to Data Science,1,10,CS Ms. Raheela Shahzadi,C2.2
SP19-BS(SE)-7-A,Formal Methods,1,10,CS Ms. Uzma Latif,C2
SP19-BS(SE)-7-A,Human Computer Interaction,1,100,CS Ms. Raheela Shahzadi,W1
SP19-BS(SE)-7-A,Software Project Management,1,1000,CS Mr Shafqat Ali,C Lab3
SP19-BS(SE)-7-A,Human Computer Interaction,1,1,CS Ms. Zamzam,C Lab4
SP19-BS(SE)-7-A,Software Project Management,1,10000,CS Mr Shafqat Ali,MS Lab
FA18-BS(SE)-8-A,Software Testing,1,10,CS Ms. Azka Mehmood,B3
FA18-BS(SE)-8-B,Software Testing,1,100,CS Ms. Azka Mehmood,B6
SP22-BS(CS)-1-A,Mathematics I,1,10000,ME Mr. Zafar,C1
SP22-BS(CS)-1-A,English Comprehesion and Composition,1,1000,CVE Ms. Saima Batool,B1
SP22-BS(CS)-1-A,Applied Physics for Engineers,1,10,EE Ms. Nayab,B5
SP22-BS(CS)-1-B,Introduction to ICT,1,1000,CS Mr. Shahzad Ahmad,C1
SP22-BS(CS)-1-B,Applied Physics for Engineers,1,10,EE Mr. Ahsan,Physics Lab
SP22-BS(CS)-1-C,English Comprehesion and Composition,1,10000,CVE Ms. Saima Batool,C1.4
SP22-BS(CS)-1-C,Pakistan Studies,1,1,CVE Engr. Muhammad Shakil,B14
SP22-BS(CS)-1-C,Introduction to ICT,1,100,CS Ms. Arooj Fatima,C Lab4
SP22-BS(CS)-1-C,Introduction to ICT,1,1000,CS Ms. Arooj Fatima,Cisco Lab
SP22-BS(CS)-1-D,Applied Physics for Engineers,1,10000,EE Ms. Nayab,A1.2
SP22-BS(CS)-1-D,Mathematics I,1,10,ME Ms Sara Batool,A1.2
SP22-BS(CS)-1-D,Applied Physics for Engineers,1,100,EE Ms. Nayab,B8
SP22-BS(CS)-1-D,Pakistan Studies,1,1,CVE Engr. Muhammad Shakil,B14
FA21-BS(CS)-2-A,Professional Practices for IT,1,100,CS Mr. Osama Ahmed,C2.4
FA21-BS(CS)-2-A,Discrete Structures,1,10,MT Ms. Shaheen,A3
FA21-BS(CS)-2-B,Programming Fundamentals,1,10,EE Mr. Abdul Khaliq,Cisco Lab
FA21-BS(CS)-2-C,Discrete Structures,1,100,MT Ms. Shaheen,C1
FA21-BS(CS)-2-C,Discrete Structures,1,1000,MT Ms. Shaheen,C4
FA21-BS(CS)-2-C,Professional Practices for IT,1,10,CS Mr. Osama Ahmed,A1.1
FA21-BS(CS)-2-C,Multivariable Calculus,1,1,MT Dr Amar,W1
FA21-BS(CS)-2-D,Professional Practices for IT,1,10000,CS Mr. Osama Ahmed,C2.5
FA21-BS(CS)-2-D,Programming Fundamentals,1,100,EE Mr. Abdul Khaliq,CAD CAM Lab
SP21-BS(CS)-3-A,Differential Equations,1,100,MT Dr Najma,C5
FA20-BS(CS)-4-A,Statistics and Probability Theory,1,100,MT Ms. Nosheen,C4
FA20-BS(CS)-4-A,Pakistan Studies,1,1000,EE Ms. Maham,C1.2
FA20-BS(CS)-4-A,Microprocessor and Assembly Language,1,10,EE Ms. Maham,C2.4
FA20-BS(CS)-4-B,Software Engineering Concepts,1,100,CS Mr. Muhammad Ahmad,C1.3
FA20-BS(CS)-4-B,Microprocessor and Assembly Language,1,10000,EE Ms. Maham,A3
FA20-BS(CS)-4-B,Pakistan Studies,1,10,EE Dr Sohaib,B4
FA20-BS(CS)-4-C,Design and Analysis of Algorithms,1,10,CS Ms. Tahreem Saeed,C1.1
FA20-BS(CS)-4-C,Software Engineering Concepts,1,1000,CS Mr. Muhammad Ahmad,C2.2
FA20-BS(CS)-4-C,Microprocessor and Assembly Language,1,100,EE Ms. Maham,B11
SP20-BS(CS)-5-A,Computer Architecture,1,10,EE Dr Tariq Shahzad,C3
SP20-BS(CS)-5-A,Game Development,1,100,CS Mr. Ali Sher Kashif,C1.1
SP20-BS(CS)-5-A,Software Design Methodologies,1,1,CS Ms. Mubeen Javed,C1.4
SP20-BS(CS)-5-A,Operating Systems,1,1000,CS Sharmeen Mahmood,C Lab4
SP20-BS(CS)-5-A,Data Communications and Computer Networks,1,10000,CS Ms. Tahreem Saeed,C lab5
SP20-BS(CS)-5-B,Computer Architecture,1,10,EE Dr Tariq Shahzad,C3
SP20-BS(CS)-5-B,Game Development,1,100,CS Mr. Ali Sher Kashif,C1.1
SP20-BS(CS)-5-B,Software Design Methodologies,1,1,CS Ms. Mubeen Javed,C1.4
SP20-BS(CS)-5-B,Operating Systems,1,1000,CS Sharmeen Mahmood,C Lab4
SP20-BS(CS)-5-B,Data Communications and Computer Networks,1,10000,CS Ms. Tahreem Saeed,C lab5
FA19-BS(CS)-6-A,Machine Learning,1,10,CS Dr. Muhammad Shoaib,C2.3
FA19-BS(CS)-6-A,Numerical Computing,1,100,MT Dr. Hameedullah,A2.2
FA19-BS(CS)-6-A,Numerical Computing,1,1000,MT Dr. Hameedullah,W2
FA19-BS(CS)-6-B,Numerical Computing,1,10,MT Dr. Hameedullah,C1.2
FA19-BS(CS)-6-B,Machine Learning,1,1000,CS Dr. Muhammad Shoaib,C2.3
FA19-BS(CS)-6-B,Electricity Magnetism and Optics,1,100,EE Mr. Kashif,C&E Lab
SP19-BS(CS)-7-A ,Artificial Intelligence,1,1,CS Ms. Azka Mehmood,C4
SP19-BS(CS)-7-A ,Artificial Intelligence,1,10000,CS Ms. Azka Mehmood,C1.2
SP19-BS(CS)-7-A ,Human Computer Interaction,1,100,CS Ms. Zamzam,C lab5
SP19-BS(CS)-7-A ,Compiler Construction,1,10,CS Ms. Zamzam,MS Lab
SP19-BS(CS)-7-A ,Artificial Intelligence,1,1000,CS Ms. Azka Mehmood,MS Lab
SP19-BS(CS)-7-B,Artificial Intelligence,1,1,CS Ms. Azka Mehmood,C4
SP19-BS(CS)-7-B,Artificial Intelligence,1,10000,CS Ms. Azka Mehmood,C1.2
SP19-BS(CS)-7-B,Human Computer Interaction,1,100,CS Ms. Zamzam,C lab5
SP19-BS(CS)-7-B,Compiler Construction,1,10,CS Ms. Zamzam,MS Lab
SP19-BS(CS)-7-B,Artificial Intelligence,1,1000,CS Ms. Azka Mehmood,MS Lab
SP22-BBA-B30,Introduction to Business,1,100,MS Dr Muzhar Javed,B5
SP22-BBA-B30,Introduction to Business,1,10000,MS Dr Muzhar Javed,B7
SP22-BBA-B30,Introduction to Management,1,1000,MS Mr Bilal Mian,B12
SP22-BBA-B30,Introduction to Management,1,10,MS Mr Bilal Mian,B13
FA21-BBA-B29,Accounting I,1,10000,MS Mr Hafiz Yasir,B5
FA21-BBA-B29,Accounting I,1,1000,MS Mr Hafiz Yasir,B8
SP21-BBA-B28,Business Mathematics II,1,10000,MT Mr. Fakhar,B4
SP21-BBA-B28,ACC II,1,1,MS Dr Khurram Abbas,B8
SP21-BBA-B28,BCW,1,1000,MS Mr M Badar Iqbal,B13
SP21-BBA-B28,Introduction to Sociology,1,10,MS Mr M Zia Hassan,B14
FA20-BBA-B27 (A),Human Resource Management,1,1,MS Dr M Waheed Akthar,B1
FA20-BBA-B27 (A),CA,1,100,MS Mr Bilal Lodhi,B1
FA20-BBA-B27 (A),Statistical Inference,1,1000,MS Dr HM Arshad,B9
FA20-BBA-B27 (A),Human Resource Management,1,10,MS Dr M Waheed Akthar,B11
FA20-BBA-B27 (B),Chinese,1,1,ME Mr. Ghulam Mustafa,B4
FA20-BBA-B27 (B),Statistical Inference,1,10000,MS Dr HM Arshad,B6
FA20-BBA-B27 (B),HRM - CHRP,1,1000,MS Dr M Waheed Akthar,B10
FA19-BBA-B25 (A),Business Law,1,10000,MS Usman Shahid,B1
FA19-BBA-B25 (A),Business Law,1,1,MS Usman Shahid,B6
FA19-BBA-B25 (A),OB,1,10,MS Mr Ali Kirmani,B10
FA19-BBA-B25 (B),Business Law,1,10000,MS Usman Shahid,B1
FA19-BBA-B25 (B),Business Law,1,1,MS Usman Shahid,B6
SP19-BBA-B24,Consumer Behavior,1,1000,MS Dr Saqib Ali,B4
SP19-BBA-B24,Corporate Law,1,1,MS Dr Khurram Chandia,B7
SP19-BBA-B24,Consumer Behavior,1,10,MS Dr Saqib Ali,B7
FA18-BBA-B23,CF,1,10,MS Mr M Shoaib Sajjad,B1
FA18-BBA-B23,Chinese,1,1,ME Mr. Ghulam Mustafa,B4
FA18-BBA-B23,Consumer Behavior,1,1000,MS Dr Saqib Ali,B4
FA18-BBA-B23,Consumer Behavior,1,10,MS Dr Saqib Ali,B7
FA18-BBA-B23,CF,1,100,MS Mr M Shoaib Sajjad,B7
SP21-BAF-B10,Business Law,1,10000,MS Usman Shahid,B1
SP21-BAF-B10,Business Law,1,1,MS Usman Shahid,B6
SP21-BAF-B10,BCW,1,1000,MS Mr M Badar Iqbal,B13
FA20-BAF-B9,FIM & MFI,1,10,MS Dr Minhas Akbar,B6
FA20-BAF-B9,Corporate Law,1,1,MS Dr Khurram Chandia,B7
FA20-BAF-B9,IFA,1,10000,MS Mr Bilal Lodhi,B12
FA21-MBA-B3,TOM,1,1,MS Mr M Haris,B13
SP21-MBA-B2,TOM,1,1,MS Mr M Haris,B13
FA20-MBA-B1,HRM - CHRP,1,1000,MS Dr M Waheed Akthar,B10
FA20-MBA-B1,TOM,1,1,MS Mr M Haris,B13
FA21-BSCVE-B5,Engineering Geology,2,10000,CVE Engr. Bilal Rafiq,A1
FA21-BSCVE-B5,Differential Equations,2,1,EE Ms Amna Bashir,A2.1
FA21-BSCVE-B5,Civil Engineering Materials,2,10,CVE Engr. Fayyaz Ulhaq,B4
FA21-BSCVE-B5,Introduction to Computer Programming,2,1000,ME Mr. Muhammad Hunzala,B6
FA21-BSCVE-B5,Introduction to Computer Programming,2,100,ME Ms.Saba Gull,C Lab3
FA20-BSCVE-B4,Advanced Surveying,2,1000,CVE Engr. Tafheem Abbas,W2
FA20-BSCVE-B4,Advanced Surveying,2,100,CVE Engr. H. M. Sohaib Yasin,Surveying Lab
FA20-BSCVE-B4,Advanced Fluid Mechanics,2,10000,CVE Engr. H. M. Sohaib Yasin,Water Supply Engineering Lab
FA19-BSCVE-B3,Project Planning and Management,2,1,CVE Engr. Hiba Arshad,A1
FA19-BSCVE-B3,Project Planning and Management,2,10000,CVE Engr. Hiba Arshad,A1.1
FA19-BSCVE-B3,Water Supply Engineering,2,100,CVE Engr. Waqar Ahsan,Water Supply Engineering Lab
FA19-BSCVE-B3,Highway Engineering,2,1000,CVE Engr. H. M. Sohaib Yasin,Highway Engineering Lab
FA18-BSCVE-B2,Reinforced Concrete Design-II,2,10,CVE Engr. Khadim Hussain,B3
FA18-BSCVE-B2,Steel Structures,2,1000,CVE Engr. Fayyaz Ulhaq,W3
FA18-BSCVE-B2,Quantity Survey and Cost Estimation,2,1,CVE Engr. Muhammad Shakil,W3
FA21-BSEE-B10A,Differential Equations,2,1,EE Ms Amna Bashir,A2.1
FA21-BSEE-B10A,Introduction to Computer Programming,2,1000,EE Mr Hamid,DigitalLab
FA21-BSEE-B10A,Digital Logic Design,2,100,EE Dr. Saeeda,A2.8
FA20-BSEE-B9A,Probability Methods in Engineering,2,10,EE Dr. Abuzar Baqir,A1.1
FA20-BSEE-B9A,Electronics II,2,1,EE Dr Sohaib,A1.2
FA20-BSEE-B9A,Electromagnetic Theory,2,1000,EE Dr Musab,A2.1
FA20-BSEE-B9A,Electromagnetic Theory,2,10000,EE Dr Musab,A2.2
FA20-BSEE-B9A,Electrical Measurements and Instrumentation,2,100,EE Mr. Ahsan,EMILab
FA19-BSEE-B8A,Data Communications and Computer Networks,2,1,EE Dr Saqlain,A2.2
FA19-BSEE-B8A,Engineering Economics,2,100,EE Mr. Asif Imran,A2.2
FA19-BSEE-B8A,Digital Signal Processing,2,10000,EE Ms Rida,DigitalLab
FA19-BSEE-B8A,Data Communications and Computer Networks,2,10,EE Mr Asad Ali Khan,DigitalLab
FA19-BSEE-B8A,Electric Machines,2,1000,EE Mr Asim,MachineLab
FA21-BSME-B17-A,Engineering Materials,2,1,ME Mr. Muzammil Hussain,A3
FA21-BSME-B17-A,Workshop Practice,2,11000,ME Mr. Jawad,Workshop
FA21-BSME-B17-A,Workshop Practice,2,11000,ME Ms.Saba Gull,Workshop
FA20-BSME-B16-A,Statistics and Probability Theory,2,10,EE Mr. Khalid Majeed,A1.3
FA20-BSME-B16-A,Mechanics of Materials Lab,2,100,ME Mr. Jawad,Mechanics of Materials Lab
FA20-BSME-B16-A,Mechanics of Materials Lab,2,100,ME Mr. Ghulam Mustafa,Mechanics of Materials Lab
FA20-BSME-B16-B,Mechanics of Materials II,2,10000,ME Mr. Salman Nawaz,MachineLab
FA20-BSME-B16-B,Circuits and Electronics Lab,2,1000,ME Ms. Arfa,Elab
FA20-BSME-B16-B,Circuits and Electronics Lab,2,1000,ME Mr.Aamir,Elab
FA20-BSME-B16-B,Mechanics of Materials Lab,2,1,ME Mr. Jawad,Mechanics of Materials Lab
FA20-BSME-B16-B,Mechanics of Materials Lab,2,1,ME Mr. Ghulam Mustafa,Mechanics of Materials Lab
FA19-BSME-B15-A,Mechanics of Machines II,2,1,ME Mr. Muhammad Hunzala,A1.1
FA19-BSME-B15-A,Manufacturing Processes,2,1000,ME Dr. Tauqeer Anwar,A2.2
FA19-BSME-B15-A,Mechanics of Machines II,2,10,ME Mr. Muhammad Hunzala,Mechanics of Materials Lab
FA19-BSME-B15-A,Instrumentation and Measurement,2,100,ME Mr. Muzammil Hussain,Control Lab
FA19-BSME-B15-B,Instrumentation and Measurement,2,1000,ME Mr. Muzammil Hussain,A1.1
FA19-BSME-B15-B,Entrepreneurship,2,100,ME Dr. Salman Mustafa,W4
FA19-BSME-B15-B,Machine Design (1hr),2,1,ME Mr. Salman Nawaz,MachineLab
FA18-BSME-B14-A,IC Engines & Power Plants Lab,2,1000,ME Mr. Naveed,Thermodynamics Lab
FA18-BSME-B14-A,IC Engines & Power Plants Lab,2,1000,ME Mr. Zafar,Thermodynamics Lab
FA18-BSME-B14-A,Finite Element Analysis Lab,2,10,ME Mr. Ali Zahid,CAD CAM Lab
FA18-BSME-B14-B,Finite Element Analysis (1 hr),2,1000,ME Mr. Ziaullah,A1.3
FA18-BSME-B14-B,Control Engineering,2,100,ME Mr. Khawar Hussain,A1.3
FA18-BSME-B14-B,Power Plants,2,10000,ME Dr. Tauqeer Anwar,A1.3
FA18-BSME-B14-B,IC Engines & Power Plants Lab,2,10,ME Mr. Naveed,Thermodynamics Lab
FA18-BSME-B14-B,IC Engines & Power Plants Lab,2,10,ME Mr. Zafar,Thermodynamics Lab
FA21-BSBI-B25,Principles of Biochemistry II,2,10,BI Dr Qudsia,C2.2
FA21-BSBI-B25,Introduction to Computer Programming,2,1000,ME Mr. Muhammad Hunzala,B6
FA21-BSBI-B25,Introduction to Sociology,2,1,MS Mr M Zia Hassan,B9
FA21-BSBI-B25,Introduction to Computer Programming,2,100,ME Ms.Saba Gull,C Lab3
SP21-BSBI-B24,Introductory Molecular Biology,2,10,BI Dr Azhar,C2.3
SP21-BSBI-B24,Introductory Molecular Biology,2,100,BI Dr Azhar,A3
SP21-BSBI-B24,Data Structure,2,1,EE Dr waqas,B6
SP21-BSBI-B24,Linux for Biological Sciences,2,10000,BI Ms Anum,C Lab1
SP21-BSBI-B24,Data Structure,2,1000,EE Mr. Amir Sabri,C Lab3
FA20-BSBI-B23,Introduction to Bioinformatics ,2,10000,BI Dr Azhar,C5
FA20-BSBI-B23,Microbiology and Immunology,2,1,BI Dr Ibrahim,C2.5
FA20-BSBI-B23,Microbiology and Immunology,2,10,BI Dr Ibrahim,B7
FA20-BSBI-B23,Introduction to Management,2,100,MS Ms Sadaf Noor,B8
SP20-BSBI-B22,Biotechnology I ,2,10,BI Ms Tamsila,C1
SP20-BSBI-B22,Bioinformatics Database Development,2,100,CS Dr Farhan,C2
SP20-BSBI-B22,Developmental Biology,2,1,BI Dr Hasan,C2.2
SP20-BSBI-B22,Bioinformatics Analysis ,2,1000,BI Adnan Tahir,CAD CAM Lab
FA19-BSBI-B21,Structural and Functional Bioinformatics ,2,100,BI Mr Saad,C2.2
FA19-BSBI-B21,Modern Programming Languages,2,10000,EE Mr Usman Naseem,B6
FA19-BSBI-B21,Structural and Functional Bioinformatics ,2,1000,BI Ms Anum,C Lab1
FA19-BSBI-B21,Bioinformatics Scripting,2,10,BI MS Faiza,C Lab1
FA19-BSBI-B21,Bioinformatics Scripting,2,1,BI MS Faiza,C lab5
SP19-BSBI-B20,Introduction to Genomics and Proteomics ,2,1000,BI Dr Qudsia,C1
SP19-BSBI-B20,Entrepreneurship,2,1,MS Dr Salman Zulfiqar,B1
SP19-BSBI-B20,Bioinformatics Software Development,2,10,EE Dr Tariq Shahzad,B5
SP19-BSBI-B20,Statistical Methods in Biology,2,10000,MT Dr Manzoor,B11
SP19-BSBI-B20,Web Engineering,2,100,EE Mr Asad Ali Khan,C Lab1
SP22-FSN-B8,Principal of Human Nutrition,2,1,BI Dr Abrar,C1.4
SP22-FSN-B8,English Comprehension and Composition,2,10000,MS Ms Mariam Azam,B5
SP22-FSN-B8,English Comprehension and Composition,2,1000,MS Ms Mariam Azam,B13
SP22-FSN-B8,Introduction to Computing,2,100,EE Mr Hamid,DigitalLab
FA21-FSN-B7,Global Food Issues,2,10000,BI Dr Shahzad Saleem,C1.2
FA21-FSN-B7,Cereal Science,2,1,FSN MS Ruhsha Fatima,C2.3
FA21-FSN-B7,Cereal Science,2,1000,FSN MS Ruhsha Fatima,B7
FA21-FSN-B7,Cereal Science,2,10,FSN MS Ruhsha Fatima,FSN Lab
SP21-FSN-B6,Techniques in Food Processing and preservation,2,10000,FSN MS Anum,C1.4
SP21-FSN-B6,Nutritional Requirements at Different Ages,2,1000,BI Dr Shahzad Saleem,C2.4
SP21-FSN-B6,Fundamental of Biotechnology,2,10,BI Dr Farukh,A2.1
SP21-FSN-B6,Food Analysis,2,100,BI Dr Hammad,B10
SP21-FSN-B6,Techniques in Food Processing and preservation,2,1,FSN MS Anum,FSN Lab
FA20-FSN-B5-A,Food Fermentation and Biotechnology,2,1000,BI Dr Farukh,C3
FA20-FSN-B5-A,Minerals and Vitamins,2,100,BI Dr Hasan,C2.5
FA20-FSN-B5-A,Introduction to Management,2,10,MS Dr Binesh Sarwar,B14
FA20-FSN-B5-A,Confectionery and Snack Food,2,10000,FSN MS Summar,FSN Lab
FA20-FSN-B5-B,Confectionery and Snack Food,2,10000,FSN MS Oswa,B13
FA20-FSN-B5-B,Confectionery and Snack Food,2,1000,FSN MS Oswa,FSN Lab
SP20-FSN-B4,Food Laws and Regulations,2,100,BI Dr Shahzad Saleem,W1
SP20-FSN-B4,Poultry and egg processing,2,1001,BI Dr Awais,W1
SP20-FSN-B4,Poultry and egg processing,2,10,FSN Ms Zahra,Bio Lab
FA19-FSN-B3-A,Community Nutrition,2,100,BI Dr Asim,C5
FA19-FSN-B3-A,Community Nutrition,2,1000,BI Dr Asim,C1.4
FA19-FSN-B3-A,Nutritional Counselling,2,10,FSN Ammara Ishtiaq,W3
FA19-FSN-B3-A,Nutritional Counselling,2,10000,FSN Ammara Ishtiaq,Bio Lab
FA19-FSN-B3-B,Metabolism,2,10,BI Dr Hammad,A1
FA19-FSN-B3-B,Metabolism,2,10000,BI Dr Hammad,A3
FA19-FSN-B3-B,Nutritional Counselling,2,1000,FSN Ammara Ishtiaq,Bio Lab
FA19-FSN-B3-B,Food Analysis,2,100,FSN Ms Zahra,FSN Lab
SP19-FSN-B2-A,Food Microbiology,2,1,BI Dr Asif,C2
SP19-FSN-B2-A,Food Microbiology,2,10000,BI Dr Asif,A1.2
SP19-FSN-B2-A,Food Toxicology and Safety,2,10,BI Dr Awais,A2.2
SP19-FSN-B2-A,Processing of Fruits and Vegetables,2,100,FSN MS Ammara,B9
SP19-FSN-B2-B,Sugar and Beverage Technology,2,100,FSN Ms Maha,Bio Lab
SP19-FSN-B2-B,Processing of Fruits and Vegetables,2,1,FSN MS Ammara,Bio Lab
SP22-BS(SE)-1-A,Applied Physics for Engineers,2,1000,EE Mr. Ahsan,Physics Lab
FA21-BS(SE)-2-A,Professional Practices for IT,2,1000,CS Mr. Muhammad Umar,C1.1
FA21-BS(SE)-2-A,Professional Practices for IT,2,100,CS Mr. Muhammad Umar,A1.2
FA21-BS(SE)-2-A,Pakistan Studies,2,1,CVE Engr. Bilal Rafiq,B14
FA21-BS(SE)-2-A,Programming Fundamentals,2,10000,CS Mr. Usman Ali,C Lab2
FA21-BS(SE)-2-B,Programming Fundamentals,2,100,CS Mr. Ameer Ahmed,C4
FA21-BS(SE)-2-B,Pakistan Studies,2,1,CVE Engr. Bilal Rafiq,B14
FA21-BS(SE)-2-B,Discrete Structures,2,10,MT Ms. Sana,W4
FA21-BS(SE)-2-C,Programming Fundamentals,2,1000,CS Mr. Ameer Ahmed,C4
FA21-BS(SE)-2-C,Discrete Structures,2,1,MT Ms. Sana,C5
FA21-BS(SE)-2-C,Pakistan Studies,2,10000,MS TBD,B4
FA21-BS(SE)-2-C,Programming Fundamentals,2,100,CS Mr. Usman Ali,C Lab2
FA21-BS(SE)-2-C,Communication Skills,2,10,EE Ms. Sabeen,A2.8
SP21-BS(SE)-3-A,Linear Algebra,2,1,MT Dr Misbah,C3
SP21-BS(SE)-3-A,Object Oriented Programming,2,100,CS Ms. Tahreem Saeed,C1.1
SP21-BS(SE)-3-A,Object Oriented Programming,2,10,CS Mr Shafqat Ali,C Lab2
SP21-BS(SE)-3-A,Data Communications and Computer Networks,2,10000,EE Mr Asad Ali Khan,CAD CAM Lab
SP21-BS(SE)-3-A,Digital Logic Design,2,1000,EE Mr Waqar,DLD Lab
FA20-BS(SE)-4-A,Data Structures and Algorithms,2,1,CS Ms. Arooj Fatima,C Lab1
FA20-BS(SE)-4-A,Data Structures and Algorithms,2,100,CS Ms. Arooj Fatima,C Lab4
FA20-BS(SE)-4-A,Game Development,2,10,CS Ms. Amina Hussain,C lab5
FA20-BS(SE)-4-A,Object Oriented SE,2,10000,CS MS Rabail Asghar,Cisco Lab
FA20-BS(SE)-4-B,Game Development,2,1000,CS Mr. Ali Sher Kashif,C2.2
FA20-BS(SE)-4-B,Data Structures and Algorithms,2,100,CS Mr. Zafar Iqbal Roy,C2.4
FA20-BS(SE)-4-B,Differential Equations,2,10,MT Dr. Sami Ullah,A3
FA20-BS(SE)-4-B,Data Structures and Algorithms,2,10000,CS Ms. Arooj Fatima,C Lab3
FA20-BS(SE)-4-B,Game Development,2,1,CS Ms. Amina Hussain,Cisco Lab
FA20-BS(SE)-4-C,Database System - I,2,100,CS Mr. Tariq Rafiq,C2.3
FA20-BS(SE)-4-C,Object Oriented SE,2,1,CS MS Rabail Asghar,C Lab2
FA20-BS(SE)-4-C,Data Structures and Algorithms,2,10,TBD,C Lab3
FA20-BS(SE)-4-C,Game Development,2,10000,CS Ms. Amina Hussain,C Lab4
SP20-BS(SE)-5-A,Statistics and Probability Theory,2,10000,MT Dr. Omar,C1
SP20-BS(SE)-5-A,Web Technologies,2,100,CS Dr. Waheed Ramay,A2.1
SP20-BS(SE)-5-A,Financial Accounting,2,10,MS Ms. Abida Parveen,B9
SP20-BS(SE)-5-A,Financial Accounting,2,1000,MS Ms. Abida Parveen,B10
SP20-BS(SE)-5-A,Data Communications and Computer Networks,2,1,EE Mr Asad Ali Khan,C Lab3
FA19-BS(SE)-6-A,Human Resource Management,2,1000,MS Mr M Shoaib Bajwa,B5
FA19-BS(SE)-6-A,Software Design and Architecture,2,1,CS Ms. Mubeen Javed,W2
FA19-BS(SE)-6-B,Software Quality Engineering,2,1000,CS Mr. Ahmad Shaf,C2
FA19-BS(SE)-6-B,Software Quality Engineering,2,100,CS Mr. Ahmad Shaf,C1.2
FA19-BS(SE)-6-B,Human Resource Management,2,1,MS Mr M Shoaib Bajwa,B3
SP19-BS(SE)-7-A,Software Project Management,2,100,CS Ms. Madiha Fatima,C1
SP19-BS(SE)-7-A,Formal Methods,2,10000,CS Ms. Uzma Latif,C2.3
SP19-BS(SE)-7-A,Human Computer Interaction,2,1,CS Ms. Zamzam,C Lab4
FA18-BS(SE)-8-A,Software Testing,2,100,CS Ms. Azka Mehmood,C3
FA18-BS(SE)-8-A,Software Testing,2,1000,CS Ms. Aniqa Khawar,C lab5
FA18-BS(SE)-8-B,Software Testing,2,10,CS Ms. Azka Mehmood,C2
SP22-BS(CS)-1-A,Pakistan Studies,2,1000,EE H M Zeeshan,C5
SP22-BS(CS)-1-A,English Comprehesion and Composition,2,1,CVE Ms. Saima Batool,C1.3
SP22-BS(CS)-1-A,Introduction to ICT,2,100,CS Ms. Mubeen Javed,C1.4
SP22-BS(CS)-1-A,Introduction to ICT,2,10,EE Mr. Amir Sabri,C Lab4
SP22-BS(CS)-1-A,Applied Physics for Engineers,2,10000,EE Mr. Ahsan,Physics Lab
SP22-BS(CS)-1-B,Introduction to ICT,2,10000,CS Mr. Shahzad Ahmad,C2.2
SP22-BS(CS)-1-B,Applied Physics for Engineers,2,1000,EE Ms. Nayab,A1
SP22-BS(CS)-1-B,Introduction to ICT,2,100,EE Mr Asim,MS Lab
SP22-BS(CS)-1-B,Applied Physics for Engineers,2,10,EE Mr. Ahsan,Physics Lab
SP22-BS(CS)-1-B,Mathematics I,2,1,ME Mr.Aamir,HMT LAB
SP22-BS(CS)-1-C,Applied Physics for Engineers,2,10,EE Ms. Nayab,W2
SP22-BS(CS)-1-C,Mathematics I,2,1,ME Mr.Aamir,HMT LAB
SP22-BS(CS)-1-D,Mathematics I,2,1000,ME Ms Sara Batool,A1.2
FA21-BS(CS)-2-A,Multivariable Calculus,2,100,MT Dr. Rida,A1
FA21-BS(CS)-2-A,Programming Fundamentals,2,1000,EE Mr. Abdul Khaliq,Cisco Lab
FA21-BS(CS)-2-B,Professional Practices for IT,2,10000,CS Mr. Osama Ahmed,C1.1
FA21-BS(CS)-2-B,Programming Fundamentals,2,1000,EE Mr. Munawar,C1.2
FA21-BS(CS)-2-B,Professional Practices for IT,2,100,CS Mr. Osama Ahmed,A1.1
FA21-BS(CS)-2-B,Multivariable Calculus,2,1,MT Dr. Rida,B11
FA21-BS(CS)-2-B,Programming Fundamentals,2,10,EE Mr. Abdul Khaliq,Cisco Lab
FA21-BS(CS)-2-C,Introduction to Business,2,100,MS Ms. Abida Parveen,B11
FA21-BS(CS)-2-C,Professional Practices for IT,2,1000,CS Mr. Osama Ahmed,B11
FA21-BS(CS)-2-C,Multivariable Calculus,2,10,MT Dr Amar,W1
FA21-BS(CS)-2-D,Programming Fundamentals,2,10000,CS Dr. Javed Ferzund,C4
FA21-BS(CS)-2-D,Discrete Structures,2,1000,MT Dr Misbah,C1.3
FA21-BS(CS)-2-D,Programming Fundamentals,2,10,CS Dr. Javed Ferzund,C1.4
FA21-BS(CS)-2-D,Programming Fundamentals,2,100,EE Mr. Abdul Khaliq,CAD CAM Lab
SP21-BS(CS)-3-A,Object Oriented Programming,2,1,CS Mr. Nasir Mehdi,C1
SP21-BS(CS)-3-A,Digital Logic Design,2,1000,EE Mr. Asif Imran,A3
SP21-BS(CS)-3-B,Digital Logic Design,2,10,EE Mr. Asif Imran,C3
SP21-BS(CS)-3-B,Object Oriented Programming,2,10000,CS Mr. Nasir Mehdi,W1
SP21-BS(CS)-3-B,Statistics and Probability Theory,2,1000,MT Ms. Nosheen,W4
FA20-BS(CS)-4-A,Linear Algebra,2,10,MT Ms. Zoya,C4
FA20-BS(CS)-4-A,Microprocessor and Assembly Language,2,1000,EE Ms. Maham,C2.3
FA20-BS(CS)-4-A,Linear Algebra,2,100,MT Ms. Zoya,W3
FA20-BS(CS)-4-A,Microprocessor and Assembly Language,2,1,EE Ms Kanwal,CAD CAM Lab
FA20-BS(CS)-4-B,Statistics and Probability Theory,2,10000,MT Ms. Nosheen,C3
FA20-BS(CS)-4-B,Design and Analysis of Algorithms,2,10,CS Mr. Yawar Abbas,C2.4
FA20-BS(CS)-4-B,Microprocessor and Assembly Language,2,100,EE Ms Kanwal,Cisco Lab
FA20-BS(CS)-4-C,Software Engineering Concepts,2,10,CS Mr. Muhammad Ahmad,C1.1
FA20-BS(CS)-4-C,Statistics and Probability Theory,2,1,MT Dr Shahid,B5
FA20-BS(CS)-4-C,Linear Algebra,2,10000,MT Ms. Zoya,W3
SP20-BS(CS)-5-A,Introduction to ICT,2,10,EE Dr Talha Younas,C2.5
SP20-BS(CS)-5-A,Introduction to ICT,2,1,EE Dr Talha Younas,B8
SP20-BS(CS)-5-A,Operating Systems,2,1000,CS Sharmeen Mahmood,C Lab4
SP20-BS(CS)-5-A,Data Communications and Computer Networks,2,10000,CS Ms. Tahreem Saeed,C lab5
SP20-BS(CS)-5-B,Introduction to ICT,2,10,EE Dr Talha Younas,C2.5
SP20-BS(CS)-5-B,Introduction to ICT,2,1,EE Dr Talha Younas,B8
SP20-BS(CS)-5-B,Operating Systems,2,1000,CS Sharmeen Mahmood,C Lab4
SP20-BS(CS)-5-B,Data Communications and Computer Networks,2,10000,CS Ms. Tahreem Saeed,C lab5
FA19-BS(CS)-6-A,Web Technologies,2,10,CS Dr. Waheed Ramay,C1.3
FA19-BS(CS)-6-A,Machine Learning,2,10000,CS Dr. Muhammad Shoaib,C1.3
FA19-BS(CS)-6-A,Theory of Automata,2,1000,CS Mr. Yawar Abbas,C2.5
FA19-BS(CS)-6-A,Electricity Magnetism and Optics,2,100,EE Dr. Aftab,B12
FA19-BS(CS)-6-B,Web Technologies,2,1000,CS Ms. Syeda Fatima,C Lab2
FA19-BS(CS)-6-B,Electricity Magnetism and Optics,2,100,EE Mr. Kashif,C&E Lab
SP19-BS(CS)-7-A ,Human Computer Interaction,2,1,CS Ms. Raheela Shahzadi,C4
SP19-BS(CS)-7-A ,Human Computer Interaction,2,10,CS Ms. Raheela Shahzadi,C5
SP19-BS(CS)-7-A ,Human Computer Interaction,2,100,CS Ms. Zamzam,C lab5
SP19-BS(CS)-7-A ,Compiler Construction,2,10000,CS Ms. Zamzam,MS Lab
SP19-BS(CS)-7-A ,Artificial Intelligence,2,1000,CS Ms. Azka Mehmood,MS Lab
SP19-BS(CS)-7-B,Human Computer Interaction,2,1,CS Ms. Raheela Shahzadi,C4
SP19-BS(CS)-7-B,Human Computer Interaction,2,10,CS Ms. Raheela Shahzadi,C5
SP19-BS(CS)-7-B,Human Computer Interaction,2,100,CS Ms. Zamzam,C lab5
SP19-BS(CS)-7-B,Compiler Construction,2,10000,CS Ms. Zamzam,MS Lab
SP19-BS(CS)-7-B,Artificial Intelligence,2,1000,CS Ms. Azka Mehmood,MS Lab
FA18-BS(CS)-8-A,Professional Practices for IT,2,100,CS Mr. Usman Nasir,C1.3
FA18-BS(CS)-8-A,Electricity Magnetism and Optics,2,10,EE Mr. Kashif,Elab
FA18-BS(CS)-8-B,Electricity Magnetism and Optics,2,100,EE Dr. Abuzar Baqir,W2
SP22-BBA-B30,Micro Economics,2,1000,MS Ms Zunaira Khadim,B4
SP22-BBA-B30,Introduction to Computing,2,10,MS Mr Moazzam Ali,B6
FA21-BBA-B29,Fundamentals of Marketing,2,1000,MS Mr Moazzam Ali,B1
FA21-BBA-B29,Fundamentals of Marketing,2,100,MS Mr Moazzam Ali,B3
FA21-BBA-B29,Macro Economics,2,10,MS Ms Zunaira Khadim,B11
SP21-BBA-B28,Introduction to Statistics,2,100,MS Ms Zunaira Khadim,B1
SP21-BBA-B28,Business Finance,2,10,MS Dr Minhas Akbar,B8
SP21-BBA-B28,Introduction to Statistics,2,10000,MS Ms Zunaira Khadim,B9
SP21-BBA-B28,Introduction to Sociology,2,1,MS Mr M Zia Hassan,B9
FA20-BBA-B27 (A),CA,2,10,MS Mr Bilal Lodhi,B12
FA20-BBA-B27 (A),Statistical Inference,2,10000,MS Dr HM Arshad,B14
FA20-BBA-B27 (B),HRM - CHRP,2,100,MS Dr M Waheed Akthar,B4
FA20-BBA-B27 (B),CA & CMA,2,1000,MS Mr Bilal Lodhi,B9
FA20-BBA-B27 (B),FM - MF,2,10000,MS Mr M Shoaib Sajjad,B10
SP20-BBA-B26,RTT,2,10000,MS Mr Hafiz Yasir,B1
SP20-BBA-B26,E-Commerce,2,1000,MS Dr M Waqas Sadiq,B3
SP20-BBA-B26,POM,2,100,MS Mr M Haris,B13
SP20-BBA-B26,E-Commerce (Lab),2,1,MS Dr M Waqas Sadiq,MS Lab
FA19-BBA-B25 (A),GBM,2,1,MS Dr Junaid,B7
FA19-BBA-B25 (A),AMA,2,10000,MS Mr Bilal Lodhi,B8
FA19-BBA-B25 (B),OB,2,1,MS Mr Ali Kirmani,B4
FA19-BBA-B25 (B),OB,2,100,MS Mr Ali Kirmani,B7
FA19-BBA-B25 (B),AMA,2,10000,MS Mr Bilal Lodhi,B8
FA19-BBA-B25 (B),GBM,2,10,MS Dr Junaid,B13
SP19-BBA-B24,Advanced Topic in Change Management,2,10,MS Mr M Shoaib Bajwa,B1
SP19-BBA-B24,Seminar in Marketing,2,10000,MS Dr M Waqas Sadiq,B3
SP19-BBA-B24,Corporate Law,2,100,MS Dr Khurram Chandia,B6
SP19-BBA-B24,HRD,2,10000,MS Mr Ali Kirmani,B7
SP19-BBA-B24,AMA,2,10000,MS Mr Bilal Lodhi,B8
SP19-BBA-B24,ECSRSC,2,10000,MS Dr Saqib Ali,B12
FA18-BBA-B23,Advanced Topic in Change Management,2,10,MS Mr M Shoaib Bajwa,B1
FA18-BBA-B23,Seminar in Marketing,2,10000,MS Dr M Waqas Sadiq,B3
FA18-BBA-B23,HRD,2,10000,MS Mr Ali Kirmani,B7
FA18-BBA-B23,ECSRSC,2,10000,MS Dr Saqib Ali,B12
FA18-BBA-B23,SM & SMC,2,1100,MS Dr Binesh Sarwar,B14
SP21-BAF-B10,OB,2,1,MS Mr Ali Kirmani,B4
SP21-BAF-B10,OB,2,100,MS Mr Ali Kirmani,B7
SP21-BAF-B10,CA & CMA,2,1000,MS Mr Bilal Lodhi,B9
SP21-BAF-B10,FM - MF,2,10000,MS Mr M Shoaib Sajjad,B10
FA20-BAF-B9,Corporate Law,2,100,MS Dr Khurram Chandia,B6
FA20-BAF-B9,FIM & MFI,2,1000,MS Dr Minhas Akbar,B12
FA20-BAF-B9,GBM,2,10,MS Dr Junaid,B13
FA18-BAF-B8,Entrepreneurship,2,1,MS Dr Salman Zulfiqar,B1
FA18-BAF-B8,AMA,2,10000,MS Mr Bilal Lodhi,B8
FA18-BAF-B8,SM & SMC,2,1100,MS Dr Binesh Sarwar,B14
FA21-MBA-B3,TOM,2,1,MS Mr M Haris,B13
SP21-MBA-B2,TOM,2,1,MS Mr M Haris,B13
FA20-MBA-B1,Advanced Topic in Change Management,2,10,MS Mr M Shoaib Bajwa,B1
FA20-MBA-B1,HRM - CHRP,2,100,MS Dr M Waheed Akthar,B4
FA20-MBA-B1,TOM,2,1,MS Mr M Haris,B13
FA21-BSCVE-B5,Communication Skills,3,1,CVE Engr. Shad Muhammad,A1.3
FA21-BSCVE-B5,Civil Engineering Materials,3,1000,CVE Engr. Waqar Ahsan,Engineering Mechanics Lab
FA21-BSCVE-B5,Introduction to Computer Programming,3,100,ME Ms.Saba Gull,C Lab3
FA20-BSCVE-B4,Advanced Fluid Mechanics,3,100,CVE Engr. H. M. Sohaib Yasin,C2.2
FA20-BSCVE-B4,Numerical Computations,3,1,EE Ms Amna Bashir,A2.1
FA20-BSCVE-B4,Advanced Fluid Mechanics,3,10000,CVE Engr. H. M. Sohaib Yasin,Water Supply Engineering Lab
FA20-BSCVE-B4,Numerical Computations,3,1000,EE Ms Rida,C Lab4
FA19-BSCVE-B3,Water Supply Engineering,3,10,CVE Engr. Tafheem Abbas,W2
FA19-BSCVE-B3,Water Supply Engineering,3,100,CVE Engr. Waqar Ahsan,Water Supply Engineering Lab
FA19-BSCVE-B3,Highway Engineering,3,1000,CVE Engr. H. M. Sohaib Yasin,Highway Engineering Lab
FA18-BSCVE-B2,Construction Project Scheduling,3,1000,CVE Engr. Tafheem Abbas,A1.2
FA18-BSCVE-B2,Traffic Engineering and safety,3,10,CVE Engr. Hiba Arshad,A2.1
FA18-BSCVE-B2,Construction Project Scheduling,3,100,CVE Engr. Tafheem Abbas,W1
FA18-BSCVE-B2,Final Year Project (Part II),3,10000,TBD,FYP Lab
FA21-BSEE-B10A,Electric Circuits Analysis I,3,100,EE Dr Tariq Shahzad,C1.4
FA21-BSEE-B10A,Multivariable Calculus,3,10000,EE Dr Musab,A2.1
FA21-BSEE-B10A,Introduction to Computer Programming,3,1000,EE Mr Hamid,DigitalLab
FA21-BSEE-B10A,Introduction to Computer Programming,3,10,EE Mr. Munawar,A2.8
FA20-BSEE-B9A,Electrical Measurements and Instrumentation,3,10,EE H M Zeeshan,A1.3
FA20-BSEE-B9A,Signals and Systems,3,1,EE Dr Talha Younas,A2.2
FA20-BSEE-B9A,Electrical Measurements and Instrumentation,3,100,EE H M Zeeshan,A2.8
FA20-BSEE-B9A,Signals and Systems,3,10000,EE Dr Talha Younas,A2.8
FA19-BSEE-B8A,Robotics,3,100,EE Dr Ghulam Farid,A2.2
FA19-BSEE-B8A,Data Communications and Computer Networks,3,1000,EE Dr Saqlain,A2.2
FA19-BSEE-B8A,Digital Signal Processing,3,10000,EE Ms Rida,DigitalLab
FA18-BSEE-B7A,Project Planning and Management,3,1000,EE Dr waqas,A2.1
FA18-BSEE-B7A,Robotics,3,100,EE Dr Ghulam Farid,A2.2
FA21-BSME-B17-A,Thermodynamics I,3,10,ME Mr. Hassan Iqbal,A1
FA21-BSME-B17-A,Workshop Practice,3,11000,ME Mr. Jawad,Workshop
FA21-BSME-B17-A,Workshop Practice,3,11000,ME Ms.Saba Gull,Workshop
FA20-BSME-B16-A,Engineering Fluid Mechanics I,3,1000,ME Mr. Hassan Iqbal,A1.3
FA20-BSME-B16-A,Report Writing Skills,3,10000,ME Mr. Ziaullah,A1.3
FA20-BSME-B16-A,Engineering Fluid Mechanics I,3,100,ME Mr. Hassan Iqbal,MachineLab
FA20-BSME-B16-A,Circuits and Electronics,3,10,ME Mr. Khawar Hussain,MachineLab
FA20-BSME-B16-A,Mechanics of Materials II,3,1,ME Mr. Salman Nawaz,MachineLab
FA20-BSME-B16-B,Statistics and Probability Theory,3,10,EE Mr. Khalid Majeed,C4
FA20-BSME-B16-B,Circuits and Electronics Lab,3,1000,ME Ms. Arfa,Elab
FA20-BSME-B16-B,Circuits and Electronics Lab,3,1000,ME Mr.Aamir,Elab
FA20-BSME-B16-B,Mechanics of Materials Lab,3,1,ME Mr. Jawad,Mechanics of Materials Lab
FA20-BSME-B16-B,Report Writing Skills,3,100,ME Mr. Ziaullah,Mechanics of Materials Lab
FA20-BSME-B16-B,Mechanics of Materials Lab,3,1,ME Mr. Ghulam Mustafa,Mechanics of Materials Lab
FA19-BSME-B15-A,Manufacturing Processes,3,10000,ME Dr. Tauqeer Anwar,A1
FA19-BSME-B15-A,Heat and Mass Transfer,3,100,ME Dr. Muneeb Qasim,A3
FA19-BSME-B15-B,Heat and Mass Transfer,3,10,ME Dr. Muneeb Qasim,A3
FA19-BSME-B15-B,Entrepreneurship,3,10000,ME Dr. Salman Mustafa,A2.2
FA19-BSME-B15-B,Manufacturing Processes,3,1000,ME Dr. Tauqeer Anwar,Thermodynamics Lab
FA18-BSME-B14-A,Control Engineering,3,100,ME Mr. Khawar Hussain,Thermodynamics Lab
FA18-BSME-B14-A,Finite Element Analysis Lab,3,10,ME Mr. Ali Zahid,CAD CAM Lab
FA18-BSME-B14-B,IC Engines,3,100,ME Mr. Hafeez Ahmad,A1
FA18-BSME-B14-B,IC Engines,3,1000,ME Mr. Hafeez Ahmad,A3
FA18-BSME-B14-B,IC Engines & Power Plants Lab,3,10,ME Mr. Naveed,Thermodynamics Lab
FA18-BSME-B14-B,IC Engines & Power Plants Lab,3,10,ME Mr. Zafar,Thermodynamics Lab
FA21-BSBI-B25,Calculus-I,3,1,ME Mr. Muzammil Hussain,C2
FA21-BSBI-B25,Principles of Biochemistry II,3,1000,BI Dr Qudsia,B4
FA21-BSBI-B25,Introduction to Computer Programming,3,100,ME Ms.Saba Gull,C Lab3
SP21-BSBI-B24,Discrete Mathematics,3,10,MT Dr Amar,B9
SP21-BSBI-B24,Linux for Biological Sciences,3,10000,BI Ms Tamsila,B13
SP21-BSBI-B24,Data Structure,3,1000,EE Mr. Amir Sabri,C Lab3
FA20-BSBI-B23,Fundamentals of Genetics ,3,10000,BI Dr.Sumaira,C1.1
FA20-BSBI-B23,Introduction to Management,3,1000,MS Ms Sadaf Noor,W2
FA20-BSBI-B23,Fundamentals of Genetics ,3,10,BI MS Saliha,Bio Lab
FA20-BSBI-B23,Microbiology and Immunology,3,100,BI Ms Areeba,Bio Lab
SP20-BSBI-B22,Bioinformatics Analysis ,3,100,BI Dr Qudsia,B8
SP20-BSBI-B22,Developmental Biology,3,10,BI Dr Hasan,W3
SP20-BSBI-B22,Biotechnology I ,3,10000,BI MS Saliha,Bio Lab
FA19-BSBI-B21,Structural and Functional Bioinformatics ,3,1000,BI Mr Saad,C3
FA19-BSBI-B21,Artificial Intelligence ,3,10,EE Mr. Asif Imran,A2.2
FA19-BSBI-B21,Artificial Intelligence ,3,1,EE Mr. Asif Imran,B4
FA19-BSBI-B21,Statistics and Probability Theory,3,10000,MT Mr. Fakhar,W2
SP19-BSBI-B20,Web Engineering,3,1,EE Dr waqas,C2.5
SP19-BSBI-B20,Introduction to Genomics and Proteomics ,3,10,BI Dr Qudsia,A1.2
SP19-BSBI-B20,Biological Modeling and Simulation ,3,10000,BI Mr Saad,B8
SP19-BSBI-B20,Web Engineering,3,100,EE Mr Asad Ali Khan,C Lab1
SP22-FSN-B8,Mathematics I,3,10000,MT Dr Sabir,C2.5
SP22-FSN-B8,Introduction to Computing,3,10,EE Dr Talha Younas,C2.5
SP22-FSN-B8,Introduction to Computing,3,100,EE Mr Hamid,DigitalLab
SP21-FSN-B6,Techniques in Food Processing and preservation,3,1,FSN MS Anum,FSN Lab
FA20-FSN-B5-A,Nutritional Quality Management,3,10000,BI Dr Wasim,B11
FA20-FSN-B5-A,Food Fermentation and Biotechnology,3,1000,FSN Ms Maha,Bio Lab
FA20-FSN-B5-B,Nutritional Quality Management,3,10,BI Dr Wasim,C1.1
FA20-FSN-B5-B,Food Fermentation and Biotechnology,3,1000,BI Dr Farukh,C1.4
FA20-FSN-B5-B,Food Fermentation and Biotechnology,3,100,BI Dr Farukh,C2.3
FA20-FSN-B5-B,Minerals and Vitamins,3,10000,BI Dr Hasan,W4
SP20-FSN-B4,Food Laws and Regulations,3,1,BI Dr Shahzad Saleem,C1
SP20-FSN-B4,Food Process Engineering,3,10,FSN MS Ruhsha Fatima,C2.3
SP20-FSN-B4,Food Process Engineering,3,10000,FSN Ms Maha,FSN Lab
FA19-FSN-B3-A,Nutrition in Emergency,3,1,BI Dr Abrar,C3
FA19-FSN-B3-A,Food Analysis,3,10000,FSN MS Oswa,C1.2
FA19-FSN-B3-A,Food Analysis,3,10,FSN Ms Zahra,FSN Lab
FA19-FSN-B3-A,Nutritional Counselling,3,1000,FSN Ammara Ishtiaq,A2.8
FA19-FSN-B3-B,Nutrition in Emergency,3,10000,BI Dr Abrar,C3
FA19-FSN-B3-B,Community Nutrition,3,10,BI Dr Asim,C1.2
FA19-FSN-B3-B,Nutrition in Emergency,3,1000,BI Dr Abrar,W3
FA19-FSN-B3-B,Food Analysis,3,100,FSN Ms Zahra,FSN Lab
SP19-FSN-B2-A,Processing of Fruits and Vegetables,3,1000,FSN MS Ammara,FSN Lab
SP19-FSN-B2-B,Sugar and Beverage Technology,3,1000,FSN MS Summar,C2.2
SP19-FSN-B2-B,Sugar and Beverage Technology,3,100,FSN MS Summar,A1.3
SP19-FSN-B2-B,Food Microbiology,3,1,BI Dr Asif,W3
SP22-BS(SE)-1-A,Introduction to ICT,3,10,EE Dr Ghulam Farid,C3
SP22-BS(SE)-1-A,Mathematics I,3,1,ME Mr. Zafar,C1.2
SP22-BS(SE)-1-A,Applied Physics for Engineers,3,1000,EE Ms. Sabeen,A1.1
FA21-BS(SE)-2-A,Calculus-I,3,1,ME Mr. Muzammil Hussain,C2
FA21-BS(SE)-2-A,Programming Fundamentals,3,10,CS Mr. Ameer Ahmed,C5
FA21-BS(SE)-2-A,Discrete Structures,3,1000,MT Ms. Sana,C1.2
FA21-BS(SE)-2-A,Discrete Structures,3,100,MT Ms. Sana,B3
FA21-BS(SE)-2-A,Communication Skills,3,10000,EE Ms. Sabeen,W3
FA21-BS(SE)-2-B,Calculus-I,3,1,ME Mr. Muzammil Hussain,C2
FA21-BS(SE)-2-B,Professional Practices for IT,3,10,CS Mr. Usman Nasir,C2
FA21-BS(SE)-2-B,Multivariable Calculus,3,1000,MT Dr. Afshan,W4
FA21-BS(SE)-2-B,Programming Fundamentals,3,100,CS Mr. Usman Ali,C Lab2
FA21-BS(SE)-2-B,Programming Fundamentals,3,10000,CS Mr. Usman Ali,C lab5
FA21-BS(SE)-2-C,Calculus-I,3,1,ME Mr. Muzammil Hussain,C2
FA21-BS(SE)-2-C,Professional Practices for IT,3,100,CS Mr. Usman Nasir,C2
FA21-BS(SE)-2-C,Pakistan Studies,3,1000,MS TBD,C2.3
FA21-BS(SE)-2-C,Multivariable Calculus,3,10,MT Dr. Afshan,W1
SP21-BS(SE)-3-A,Object Oriented Programming,3,10,CS Ms. Tahreem Saeed,C1.4
SP21-BS(SE)-3-A,Data Communications and Computer Networks,3,1,EE Dr Saqlain,A1
SP21-BS(SE)-3-A,Introduction to SE,3,100,CS Mr. Muhammad Ahmad,W2
SP21-BS(SE)-3-A,Data Communications and Computer Networks,3,10000,EE Mr Asad Ali Khan,CAD CAM Lab
SP21-BS(SE)-3-A,Digital Logic Design,3,1000,EE Mr Waqar,DLD Lab
FA20-BS(SE)-4-A,Database System - I,3,100,CS Mr. Tariq Rafiq,C4
FA20-BS(SE)-4-A,Game Development,3,1000,CS Mr. Ali Sher Kashif,W1
FA20-BS(SE)-4-A,Game Development,3,10,CS Ms. Amina Hussain,C lab5
FA20-BS(SE)-4-A,Object Oriented SE,3,10000,CS MS Rabail Asghar,Cisco Lab
FA20-BS(SE)-4-B,Data Structures and Algorithms,3,10000,CS Mr. Zafar Iqbal Roy,C1
FA20-BS(SE)-4-B,Database System - I,3,1000,CS Mr. Tariq Rafiq,C2
FA20-BS(SE)-4-B,Object Oriented SE,3,1,CS Ms. Uzma Latif,C1.1
FA20-BS(SE)-4-B,Database System - I,3,10,CS Mr. Tariq Rafiq,C2.4
FA20-BS(SE)-4-B,Database System - I,3,100,CS Mr. Shahzad Ahmad,C Lab4
FA20-BS(SE)-4-C,Object Oriented SE,3,100,CS Ms. Uzma Latif,A2.1
FA20-BS(SE)-4-C,Differential Equations,3,1000,MT Dr Manzoor,B9
FA20-BS(SE)-4-C,Data Structures and Algorithms,3,10,TBD,C Lab3
FA20-BS(SE)-4-C,Database System - I,3,10000,CS Sharmeen Mahmood,C Lab3
SP20-BS(SE)-5-A,Statistics and Probability Theory,3,100,MT Dr. Omar,C1
SP20-BS(SE)-5-A,Data Communications and Computer Networks,3,10,EE Dr Saqlain,W4
SP20-BS(SE)-5-A,Web Technologies,3,10000,CS Mr. Ahmad Shaf,C Lab1
FA19-BS(SE)-6-A,Software Quality Engineering,3,1,CS Mr. Ahmad Shaf,C1.4
FA19-BS(SE)-6-A,Information Security,3,100,CS Mr. Muhammad Umar,C2.4
FA19-BS(SE)-6-B,Human Resource Management,3,10000,MS Mr M Shoaib Bajwa,B7
FA19-BS(SE)-6-B,Software Design and Architecture,3,100,CS Ms. Mubeen Javed,W3
SP19-BS(SE)-7-A,Human Computer Interaction,3,10000,CS Ms. Raheela Shahzadi,C1.4
SP19-BS(SE)-7-A,Software Project Management,3,1000,CS Ms. Madiha Fatima,C2.4
FA18-BS(SE)-8-A,Numerical Computing,3,1000,MT Dr. Omar,A1
FA18-BS(SE)-8-A,Numerical Computing,3,10,MT Dr. Omar,B11
FA18-BS(SE)-8-A,Software Testing,3,100,CS Ms. Aniqa Khawar,C lab5
FA18-BS(SE)-8-B,Software Testing,3,10,CS Ms. Aniqa Khawar,C Lab2
SP22-BS(CS)-1-A,Mathematics I,3,1,ME Mr. Zafar,C1.2
SP22-BS(CS)-1-A,Introduction to ICT,3,10,EE Mr. Amir Sabri,C Lab4
SP22-BS(CS)-1-A,Applied Physics for Engineers,3,10000,EE Mr. Ahsan,Physics Lab
SP22-BS(CS)-1-B,English Comprehesion and Composition,3,10000,CVE Ms. Saima Batool,C2.2
SP22-BS(CS)-1-B,Applied Physics for Engineers,3,1,EE Ms. Nayab,A1.2
SP22-BS(CS)-1-B,Introduction to ICT,3,100,EE Mr Asim,MS Lab
SP22-BS(CS)-1-C,Applied Physics for Engineers,3,100,EE Ms. Nayab,C1.3
SP22-BS(CS)-1-C,Introduction to ICT,3,10,CS Ms. Syeda Fatima,B1
SP22-BS(CS)-1-D,English Comprehension and Composition,3,1000,MS Ms Mariam Azam,B5
SP22-BS(CS)-1-D,English Comprehension and Composition,3,100,MS Ms Mariam Azam,B6
SP22-BS(CS)-1-D,Introduction to ICT,3,10000,CS Ms. Aniqa Khawar,C Lab2
FA21-BS(CS)-2-A,Calculus-I,3,1,ME Mr. Muzammil Hussain,C2
FA21-BS(CS)-2-A,Multivariable Calculus,3,1,MT Dr. Rida,C5
FA21-BS(CS)-2-A,Programming Fundamentals,3,100,EE Mr. Munawar,C5
FA21-BS(CS)-2-A,Discrete Structures,3,10000,MT Ms. Shaheen,C1.3
FA21-BS(CS)-2-A,Introduction to Business,3,10,MS Mr M Haris,B6
FA21-BS(CS)-2-A,Programming Fundamentals,3,1000,EE Mr. Abdul Khaliq,Cisco Lab
FA21-BS(CS)-2-B,Discrete Structures,3,10,MT Ms. Shaheen,C1
FA21-BS(CS)-2-B,Multivariable Calculus,3,1000,MT Dr. Rida,C1
FA21-BS(CS)-2-B,Calculus-I,3,1,ME Mr. Muzammil Hussain,C2
FA21-BS(CS)-2-B,Programming Fundamentals,3,10000,EE Mr. Munawar,A1.1
FA21-BS(CS)-2-B,Introduction to Business,3,100,MS Ms. Abida Parveen,B7
FA21-BS(CS)-2-C,Calculus-I,3,1,ME Mr. Muzammil Hussain,C2
FA21-BS(CS)-2-C,Programming Fundamentals,3,10000,EE Mr. Amir Sabri,C Lab4
FA21-BS(CS)-2-D,Calculus-I,3,1,ME Mr. Muzammil Hussain,C2
FA21-BS(CS)-2-D,Professional Practices for IT,3,1000,CS Mr. Osama Ahmed,C1.3
FA21-BS(CS)-2-D,Introduction to Business,3,10,MS Ms. Abida Parveen,B8
FA21-BS(CS)-2-D,Multivariable Calculus,3,100,MT Dr Asma,B13
SP21-BS(CS)-3-A,Statistics and Probability Theory,3,1,MT Dr Shahid,C1.3
SP21-BS(CS)-3-A,Statistics and Probability Theory,3,10,MT Dr Shahid,A1.1
SP21-BS(CS)-3-A,Differential Equations,3,10000,MT Dr Najma,W1
SP21-BS(CS)-3-A,Object Oriented Programming,3,1000,CS Mr. Usman Ali,C lab5
SP21-BS(CS)-3-B,Statistics and Probability Theory,3,10000,MT Ms. Nosheen,C4
SP21-BS(CS)-3-B,Digital Logic Design,3,100,EE Mr. Asif Imran,A1.1
SP21-BS(CS)-3-B,Digital Logic Design,3,10,EE Mr Waqar,DLD Lab
FA20-BS(CS)-4-A,Design and Analysis of Algorithms,3,10000,CS Mr. Yawar Abbas,C2
FA20-BS(CS)-4-A,Design and Analysis of Algorithms,3,100,CS Mr. Yawar Abbas,C3
FA20-BS(CS)-4-A,Microprocessor and Assembly Language,3,1,EE Ms Kanwal,CAD CAM Lab
FA20-BS(CS)-4-B,Software Engineering Concepts,3,10000,CS Mr. Muhammad Ahmad,C2.3
FA20-BS(CS)-4-B,Microprocessor and Assembly Language,3,100,EE Ms Kanwal,Cisco Lab
FA20-BS(CS)-4-C,Microprocessor and Assembly Language,3,10000,EE Ms. Maham,A3
FA20-BS(CS)-4-C,Pakistan Studies,3,1,CVE Engr. Khadim Hussain,B5
SP20-BS(CS)-5-A,Data Communications and Computer Networks,3,1000,CS Ms. Tahreem Saeed,C5
SP20-BS(CS)-5-A,Data Communications and Computer Networks,3,100,CS Ms. Tahreem Saeed,C1.1
SP20-BS(CS)-5-A,Operating Systems,3,10,CS Mr. Muhammad Umar,C2.2
SP20-BS(CS)-5-B,Data Communications and Computer Networks,3,1000,CS Ms. Tahreem Saeed,C5
SP20-BS(CS)-5-B,Data Communications and Computer Networks,3,100,CS Ms. Tahreem Saeed,C1.1
SP20-BS(CS)-5-B,Operating Systems,3,10,CS Mr. Muhammad Umar,C2.2
FA19-BS(CS)-6-A,Software Project Management,3,100,CS Ms. Madiha Fatima,A1.2
FA19-BS(CS)-6-A,Electricity Magnetism and Optics,3,10,EE Dr. Aftab,B12
FA19-BS(CS)-6-B,Machine Learning,3,10,CS Dr. Muhammad Shoaib,C1.3
FA19-BS(CS)-6-B,Web Technologies,3,10000,CS Ms. Syeda Fatima,C2.4
FA19-BS(CS)-6-B,Web Technologies,3,100,CS Ms. Syeda Fatima,W4
FA19-BS(CS)-6-B,Web Technologies,3,1000,CS Ms. Syeda Fatima,C Lab2
SP19-BS(CS)-7-A ,Computer Vision,3,10000,CS Dr. Muhammad Azhar,C5
SP19-BS(CS)-7-A ,Compiler Construction,3,100,CS Mr. Nasir Mehdi,C1.2
SP19-BS(CS)-7-B,Computer Vision,3,10000,CS Dr. Muhammad Azhar,C5
SP19-BS(CS)-7-B,Compiler Construction,3,100,CS Mr. Nasir Mehdi,C1.2
FA18-BS(CS)-8-A,Electricity Magnetism and Optics,3,1000,EE Dr. Abuzar Baqir,C2.5
FA18-BS(CS)-8-A,Professional Practices for IT,3,10000,CS Mr. Usman Nasir,B12
FA18-BS(CS)-8-A,Electricity Magnetism and Optics,3,10,EE Mr. Kashif,Elab
FA18-BS(CS)-8-B,Electricity Magnetism and Optics,3,10000,EE Dr. Abuzar Baqir,A1.2
FA21-MS(RCS)-2-A,Advanced Computer Architecture,3,1,EE Dr. Saeeda,C4
FA21-MS(RCS)-2-A,Machine Learning,3,1000,CS Dr. Muhammad Azhar,C4
FA21-MS(RCS)-2-A,Deep Reinforcement Learning,3,100,CS Dr Farhan,C2.5
SP22-MS(RCS)-1-A,Advanced Computer Architecture,3,1,EE Dr. Saeeda,C4
SP22-MS(RCS)-1-A,Machine Learning,3,1000,CS Dr. Muhammad Azhar,C4
SP22-MS(RCS)-1-A,Deep Reinforcement Learning,3,100,CS Dr Farhan,C2.5
SP22-BBA-B30,ECC,3,1100,MS Mr M Badar Iqbal,B12
FA21-BBA-B29,Pakistan Studies,3,10,MS Mr M Zia Hassan,B7
SP21-BBA-B28,Business Mathematics II,3,1000,MT Mr. Fakhar,C1.1
SP21-BBA-B28,ACC II,3,100,MS Dr Khurram Abbas,B5
SP21-BBA-B28,Business Finance,3,1,MS Dr Minhas Akbar,B11
FA20-BBA-B27 (A),FM - MF,3,1,MS Mr M Shoaib Sajjad,B1
FA20-BBA-B27 (A),Marketing Management,3,1000,MS Dr Khalid Hussain,B8
FA20-BBA-B27 (A),Marketing Management,3,10000,MS Dr Khalid Hussain,B10
FA20-BBA-B27 (B),Marketing Management,3,100,MS Dr Khalid Hussain,B4
FA20-BBA-B27 (B),CA & CMA,3,1,MS Mr Bilal Lodhi,B6
FA20-BBA-B27 (B),FM - MF,3,1000,MS Mr M Shoaib Sajjad,B6
FA20-BBA-B27 (B),Marketing Management,3,10,MS Dr Khalid Hussain,B13
SP20-BBA-B26,SHRM - SiM,3,100,MS Dr Salman Zulfiqar,B1
SP20-BBA-B26,E-Commerce,3,10000,MS Dr M Waqas Sadiq,B3
SP20-BBA-B26,IF,3,10,MS Mr M Shoaib Sajjad,B4
SP20-BBA-B26,Logistics Management,3,10,MS Usman Shahid,B5
SP20-BBA-B26,IF,3,100,MS Mr M Shoaib Sajjad,B9
SP20-BBA-B26,STSCM,3,100,MS Dr Anees Haider,B10
SP20-BBA-B26,ERM,3,10,MS Mr Ali Kirmani,B10
SP20-BBA-B26,RTT,3,1000,MS Mr Hafiz Yasir,B11
SP20-BBA-B26,E-Commerce (Lab),3,1,MS Dr M Waqas Sadiq,MS Lab
FA19-BBA-B25 (A),SHRM - SiM,3,100,MS Dr Salman Zulfiqar,B1
FA19-BBA-B25 (A),GBM,3,10000,MS Dr Junaid,B4
FA19-BBA-B25 (A),IF,3,10,MS Mr M Shoaib Sajjad,B4
FA19-BBA-B25 (A),Logistics Management,3,10,MS Usman Shahid,B5
FA19-BBA-B25 (A),IF,3,100,MS Mr M Shoaib Sajjad,B9
FA19-BBA-B25 (A),OB,3,1,MS Mr Ali Kirmani,B9
FA19-BBA-B25 (A),STSCM,3,100,MS Dr Anees Haider,B10
FA19-BBA-B25 (A),ERM,3,10,MS Mr Ali Kirmani,B10
FA19-BBA-B25 (A),AMA,3,1000,MS Mr Bilal Lodhi,B13
FA19-BBA-B25 (B),SHRM - SiM,3,100,MS Dr Salman Zulfiqar,B1
FA19-BBA-B25 (B),GBM,3,1,MS Dr Junaid,B3
FA19-BBA-B25 (B),IF,3,10,MS Mr M Shoaib Sajjad,B4
FA19-BBA-B25 (B),Logistics Management,3,10,MS Usman Shahid,B5
FA19-BBA-B25 (B),IF,3,100,MS Mr M Shoaib Sajjad,B9
FA19-BBA-B25 (B),STSCM,3,100,MS Dr Anees Haider,B10
FA19-BBA-B25 (B),ERM,3,10,MS Mr Ali Kirmani,B10
FA19-BBA-B25 (B),AMA,3,1000,MS Mr Bilal Lodhi,B13
SP19-BBA-B24,ECSRSC,3,1000,MS Dr Saqib Ali,B1
SP19-BBA-B24,CM & ATCM,3,10,MS Dr M Waheed Akthar,B3
SP19-BBA-B24,Seminar in Marketing,3,1000,MS Dr M Waqas Sadiq,B3
SP19-BBA-B24,Corporate Governance,3,10000,MS Dr Muzhar Javed,B5
SP19-BBA-B24,Logistics Management,3,10,MS Usman Shahid,B5
SP19-BBA-B24,CM,3,1,MS Dr Khalid Hussain,B7
SP19-BBA-B24,STSCM,3,100,MS Dr Anees Haider,B10
SP19-BBA-B24,HRD,3,1000,MS Mr Ali Kirmani,B10
SP19-BBA-B24,AMA,3,1000,MS Mr Bilal Lodhi,B13
FA18-BBA-B23,ECSRSC,3,1000,MS Dr Saqib Ali,B1
FA18-BBA-B23,CM & ATCM,3,10,MS Dr M Waheed Akthar,B3
FA18-BBA-B23,Seminar in Marketing,3,1000,MS Dr M Waqas Sadiq,B3
FA18-BBA-B23,Logistics Management,3,10,MS Usman Shahid,B5
FA18-BBA-B23,CM,3,1,MS Dr Khalid Hussain,B7
FA18-BBA-B23,STSCM,3,100,MS Dr Anees Haider,B10
FA18-BBA-B23,HRD,3,1000,MS Mr Ali Kirmani,B10
SP21-BAF-B10,CA & CMA,3,1,MS Mr Bilal Lodhi,B6
SP21-BAF-B10,FM - MF,3,1000,MS Mr M Shoaib Sajjad,B6
FA20-BAF-B9,GBM,3,1,MS Dr Junaid,B3
FA20-BAF-B9,Contemporary Taxation,3,10000,MS Mr Hafiz Yasir,B6
FA20-BAF-B9,Financial Reporting,3,1000,MS Dr Khurram Abbas,B7
FA18-BAF-B8,IF,3,10,MS Mr M Shoaib Sajjad,B4
FA18-BAF-B8,Corporate Governance,3,10000,MS Dr Muzhar Javed,B5
FA18-BAF-B8,IF,3,100,MS Mr M Shoaib Sajjad,B9
FA18-BAF-B8,AMA,3,1000,MS Mr Bilal Lodhi,B13
FA21-MBA-B3,FM - MF,3,1,MS Mr M Shoaib Sajjad,B1
SP21-MBA-B2,Advanced Managerial Economics,3,10000,MS Dr Khurram Chandia,B1
FA20-MBA-B1,Advanced Managerial Economics,3,10000,MS Dr Khurram Chandia,B1
FA20-MBA-B1,CM & ATCM,3,10,MS Dr M Waheed Akthar,B3
SP21-RMS-B14,SHRM - SiM,3,100,MS Dr Salman Zulfiqar,B1
FA21-RMT B5,Viscous Fluid II,4,100,MT Dr Amar,C1.1
FA21-RMT B5,Viscous Fluid II,4,1000,MT Dr Amar,C1.3
FA21-RMT B5,Numerical Solution of PDEs-II,4,10010,MT Dr. Hameedullah,C1.4
SP22-RMT B6,Numerical Solution of PDEs-I,4,110,MT Dr Nauman,C1.3
SP22-RMT B6,Viscous Fluid-I,4,10000,MT Dr Sabir,C1.3
SP22-RMT B6,Viscous Fluid-I,4,1000,MT Dr Sabir,C1.4
FA21-BSCVE-B5,Civil Engineering Materials,4,1000,CVE Engr. Waqar Ahsan,Engineering Mechanics Lab
FA20-BSCVE-B4,Introduction to Architecture and Town Planning,4,10000,CVE Engr. Hiba Arshad,A2.1
FA20-BSCVE-B4,Introduction to Architecture and Town Planning,4,100,CVE Engr. Hiba Arshad,A2.2
FA20-BSCVE-B4,Basic Structural Analysis,4,10,CVE Engr. M. Yousaf Mushtaq,B1
FA20-BSCVE-B4,Numerical Computations,4,1000,EE Ms Rida,C Lab4
FA19-BSCVE-B3,Highway Engineering,4,10,CVE Engr. Muhammad Shakil,A1
FA19-BSCVE-B3,Reinforced Concrete Design-I,4,10000,CVE Engr. Fayyaz Ulhaq,A3
FA19-BSCVE-B3,Civil Engineering Construction and Graphics,4,100,CVE Engr. Waqar Ahsan,C lab5
FA18-BSCVE-B2,Steel Structures,4,100,CVE Engr. Fayyaz Ulhaq,C1
FA18-BSCVE-B2,Entrepreneurship,4,10,ME Dr. Salman Mustafa,C3
FA18-BSCVE-B2,Traffic Engineering and safety,4,1000,CVE Engr. Hiba Arshad,A1.2
FA21-BSEE-B10A,Electric Circuits Analysis I,4,10,EE Ms Kanwal,C&E Lab
FA21-BSEE-B10A,Digital Logic Design,4,10000,EE Mr Waqar,DLD Lab
FA21-BSEE-B10A,Introduction to Computer Programming,4,1000,EE Mr. Munawar,A2.8
FA20-BSEE-B9A,Signals and Systems,4,100,EE Ms Rida,Cisco Lab
FA20-BSEE-B9A,Electronics II,4,1000,EE Mr Waqar,C&E Lab
FA19-BSEE-B8A,Electric Machines,4,100,EE Dr Ghulam Farid,A2.1
FA19-BSEE-B8A,Robotics,4,10,EE Dr Ghulam Farid,A2.1
FA19-BSEE-B8A,Engineering Economics,4,1000,EE Mr. Asif Imran,W3
FA18-BSEE-B7A,Project Planning and Management,4,100,EE Dr waqas,A1.3
FA18-BSEE-B7A,Robotics,4,10,EE Dr Ghulam Farid,A2.1
FA21-BSME-B17-A,Engineering Statics,4,1010,ME Mr. Hafeez Ahmad,A2.2
FA21-BSME-B17-A,Thermodynamics I,4,100,ME Mr. Hassan Iqbal,MachineLab
FA20-BSME-B16-A,Circuits and Electronics Lab,4,1000,ME Ms. Arfa,Elab
FA20-BSME-B16-A,Circuits and Electronics Lab,4,1000,ME Mr.Aamir,Elab
FA20-BSME-B16-A,Circuits and Electronics,4,100,ME Mr. Khawar Hussain,Thermodynamics Lab
FA20-BSME-B16-B,Engineering Fluid Mechanics I,4,1000,ME Mr. Hassan Iqbal,A1
FA20-BSME-B16-B,Engineering Fluid Mechanics I,4,10,ME Mr. Hassan Iqbal,MachineLab
FA19-BSME-B15-A,Heat and Mass Transfer,4,10,ME Dr. Muneeb Qasim,A1.3
FA19-BSME-B15-A,Entrepreneurship,4,10000,ME Dr. Salman Mustafa,W2
FA19-BSME-B15-A,Entrepreneurship,4,1000,ME Dr. Salman Mustafa,MachineLab
FA19-BSME-B15-A,Instrumentation and Measurement Lab,4,100,ME Ms. Arfa,HMT LAB
FA19-BSME-B15-A,Instrumentation and Measurement Lab,4,100,ME Mr. Naveed,HMT LAB
FA19-BSME-B15-B,Heat and Mass Transfer,4,100,ME Dr. Muneeb Qasim,A1
FA19-BSME-B15-B,Machine Design (1hr),4,10000,ME Mr. Salman Nawaz,MachineLab
FA19-BSME-B15-B,Instrumentation and Measurement Lab,4,10,ME Ms. Arfa,Physics Lab
FA19-BSME-B15-B,Instrumentation and Measurement Lab,4,10,ME Mr. Naveed,Physics Lab
FA18-BSME-B14-A,IC Engines,4,100,ME Mr. Hafeez Ahmad,A1.2
FA18-BSME-B14-A,Finite Element Analysis (1 hr),4,10000,ME Mr. Ziaullah,A1.3
FA18-BSME-B14-A,Finite Element Analysis (1 hr),4,10,ME Mr. Ziaullah,Mechanics of Materials Lab
FA18-BSME-B14-A,Maintenance Engineering (1hr),4,1000,ME Dr. Muneeb Qasim,HMT LAB
FA18-BSME-B14-B,Power Plants,4,1000,ME Dr. Tauqeer Anwar,Mechanics of Materials Lab
FA18-BSME-B14-B,Finite Element Analysis Lab,4,10,ME Mr. Ali Zahid,CAD CAM Lab
FA21-BSBI-B25,Pakistan Studies,4,10000,MS Mr M Zia Hassan,B12
SP21-BSBI-B24,Linux for Biological Sciences,4,10,BI Ms Anum,C lab5
FA20-BSBI-B23,Object Oriented Programming,4,1000,EE Mr Hamid,DigitalLab
FA20-BSBI-B23,Introduction to Bioinformatics ,4,10000,BI Ms Anum,C lab5
SP20-BSBI-B22,New product development,4,10,MS Ms Sadaf Noor,B8
SP20-BSBI-B22,Bioinformatics Database Development,4,1000,BI MS Hajra,C Lab1
SP20-BSBI-B22,Developmental Biology,4,10000,BI MS Saliha,Bio Lab
FA19-BSBI-B21,Modern Programming Languages,4,10,EE Mr Usman Naseem,A3
FA19-BSBI-B21,Artificial Intelligence ,4,100,EE Mr Hamid,DigitalLab
FA19-BSBI-B21,Modern Programming Languages,4,10000,EE Ms Rida,Cisco Lab
SP19-BSBI-B20,Statistical Methods in Biology,4,1000,MT Dr Manzoor,C1
SP19-BSBI-B20,Bioinformatics Software Development,4,100,EE Dr Tariq Shahzad,C2
SP19-BSBI-B20,Bioinformatics Software Development,4,10,BI Adnan Tahir,C Lab3
SP22-FSN-B8,Principal of Human Nutrition,4,10000,BI Dr Abrar,W3
FA21-FSN-B7,Global Food Issues,4,1000,BI Dr Shahzad Saleem,B4
FA21-FSN-B7,Pakistan Studies,4,10000,MS Mr M Zia Hassan,B12
FA21-FSN-B7,Introduction to Food Chemistry,4,100,BI Adnan Tahir,W1
SP21-FSN-B6,Community Nutrition,4,1000,BI Dr Asim,C4
SP21-FSN-B6,Nutritional Requirements at Different Ages,4,10000,BI Dr Shahzad Saleem,B10
SP21-FSN-B6,Techniques in Food Processing and preservation,4,100,FSN MS Anum,B12
SP21-FSN-B6,Food Analysis,4,10,FSN MS Anum,FSN Lab
FA20-FSN-B5-A,Introduction to Management,4,100,MS Dr Binesh Sarwar,B14
FA20-FSN-B5-A,Food Fermentation and Biotechnology,4,1000,FSN Ms Maha,Bio Lab
FA20-FSN-B5-B,Introduction to Management,4,1010,MS Dr Binesh Sarwar,B14
FA20-FSN-B5-B,Food Fermentation and Biotechnology,4,100,FSN Ms Maha,FSN Lab
SP20-FSN-B4,Food Process Engineering,4,1000,FSN MS Ruhsha Fatima,A2.1
SP20-FSN-B4,New product development,4,10,MS Ms Sadaf Noor,B8
SP20-FSN-B4,Food Process Engineering,4,10000,FSN Ms Maha,FSN Lab
FA19-FSN-B3-A,Nutrition in Emergency,4,100,BI Dr Abrar,W2
FA19-FSN-B3-B,Community Nutrition,4,100,BI Dr Asim,C1.2
FA19-FSN-B3-B,Food Analysis,4,1000,FSN MS Oswa,A1.3
FA19-FSN-B3-B,Nutritional Counselling,4,10,FSN Ammara Ishtiaq,Bio Lab
SP19-FSN-B2-A,Functional and Nutraceutical Foods,4,10000,BI Mr Saad,C2.2
SP19-FSN-B2-A,Functional and Nutraceutical Foods,4,10,BI Mr Saad,B9
SP19-FSN-B2-A,Processing of Fruits and Vegetables,4,1000,FSN MS Ammara,FSN Lab
SP19-FSN-B2-B,Food Toxicology and Safety,4,10000,BI Dr Awais,C4
SP19-FSN-B2-B,Food Toxicology and Safety,4,10,BI Dr Awais,C2.2
SP19-FSN-B2-B,Food Microbiology,4,100,FSN Ms Zahra,Bio Lab
FA21-RBS,Human Genetics,4,10000,BI Dr.Sumaira,C2.3
FA21-RBS,Special Topics in Bioinformatics ,4,1000,BI Dr Asif,A1.1
FA21-RBS,Epigenetics,4,10,BI Dr Azhar,W1
FA21-RBS,Report Writing and Seminar,4,100,ME Dr Rafi Raza,W3
SP22-BS(SE)-1-A,Pakistan Studies,4,10,CVE Engr. Khadim Hussain,C2.3
SP22-BS(SE)-1-A,Introduction to ICT,4,10000,EE Dr Ghulam Farid,W4
SP22-BS(SE)-1-A,Introduction to ICT,4,100,EE Mr Asim,C Lab2
FA21-BS(SE)-2-A,Programming Fundamentals,4,1000,CS Mr. Ameer Ahmed,C5
FA21-BS(SE)-2-A,Pakistan Studies,4,100,CVE Engr. Bilal Rafiq,B10
FA21-BS(SE)-2-B,Programming Fundamentals,4,10000,CS Mr. Ameer Ahmed,C1.2
FA21-BS(SE)-2-B,Pakistan Studies,4,100,CVE Engr. Bilal Rafiq,B10
FA21-BS(SE)-2-B,Discrete Structures,4,1000,MT Ms. Sana,W2
FA21-BS(SE)-2-C,Programming Fundamentals,4,100,CS Mr. Ameer Ahmed,C2.5
FA21-BS(SE)-2-C,Discrete Structures,4,10,MT Ms. Sana,A1.1
SP21-BS(SE)-3-A,Introduction to SE,4,10,CS Mr. Muhammad Ahmad,B11
SP21-BS(SE)-3-A,Introduction to SE,4,1000,CS Ms. Aniqa Khawar,C Lab2
SP21-BS(SE)-3-A,Digital Logic Design,4,100,EE Dr. Saeeda,A2.8
FA20-BS(SE)-4-A,Object Oriented SE,4,10000,CS Ms. Uzma Latif,C3
FA20-BS(SE)-4-A,Differential Equations,4,10,MT Dr. Sami Ullah,A1.2
FA20-BS(SE)-4-A,Differential Equations,4,100,MT Dr. Sami Ullah,B8
FA20-BS(SE)-4-B,Object Oriented SE,4,10,CS Ms. Uzma Latif,C2.4
FA20-BS(SE)-4-B,Database System - I,4,100,CS Mr. Shahzad Ahmad,C Lab4
FA20-BS(SE)-4-C,Database System - I,4,1000,CS Mr. Tariq Rafiq,C2.5
FA20-BS(SE)-4-C,Game Development,4,100,CS Mr. Ali Sher Kashif,A1.1
SP20-BS(SE)-5-A,Software Requirement Engineering,4,100,CS Ms. Madiha Fatima,C3
SP20-BS(SE)-5-A,Software Requirement Engineering,4,1000,CS Ms. Madiha Fatima,A3
SP20-BS(SE)-5-A,Web Technologies,4,10,CS Mr. Ahmad Shaf,C Lab1
FA19-BS(SE)-6-A,Software Quality Engineering,4,1000,CS Mr. Ahmad Shaf,C2.2
FA19-BS(SE)-6-B,Information Security,4,10,CS Mr. Muhammad Umar,C4
FA19-BS(SE)-6-B,Software Design and Architecture,4,1000,CS Ms. Mubeen Javed,C2.3
SP19-BS(SE)-7-A,Machine Learning,4,100,CS Dr. Muhammad Azhar,C2.2
FA18-BS(SE)-8-B,Numerical Computing,4,100,MT Dr. Omar,C5
FA18-BS(SE)-8-B,Software Testing,4,10,CS Ms. Aniqa Khawar,C Lab2
SP22-BS(CS)-1-A,Introduction to ICT,4,10,CS Ms. Mubeen Javed,C1.2
SP22-BS(CS)-1-A,Applied Physics for Engineers,4,1000,EE Ms. Nayab,W4
SP22-BS(CS)-1-B,Mathematics I,4,10,ME Mr.Aamir,HMT LAB
SP22-BS(CS)-1-C,Introduction to ICT,4,10000,CS Ms. Syeda Fatima,A1.1
SP22-BS(CS)-1-C,English Comprehesion and Composition,4,1000,CVE Ms. Saima Batool,B7
SP22-BS(CS)-1-C,Applied Physics for Engineers,4,100,EE Mr. Kashif,Physics Lab
SP22-BS(CS)-1-C,Mathematics I,4,10,ME Mr.Aamir,HMT LAB
SP22-BS(CS)-1-D,Introduction to ICT,4,100,CS Ms. Syeda Fatima,B4
SP22-BS(CS)-1-D,Introduction to ICT,4,10,CS Ms. Syeda Fatima,W4
SP22-BS(CS)-1-D,Introduction to ICT,4,10000,CS Ms. Aniqa Khawar,C Lab2
SP22-BS(CS)-1-D,Applied Physics for Engineers,4,1000,EE Mr Asim,Physics Lab
FA21-BS(CS)-2-A,Professional Practices for IT,4,10,CS Mr. Osama Ahmed,C1.1
FA21-BS(CS)-2-A,Introduction to Business,4,1000,MS Mr M Haris,B6
FA21-BS(CS)-2-B,Discrete Structures,4,100,MT Ms. Shaheen,C2.4
FA21-BS(CS)-2-B,Introduction to Business,4,1000,MS Ms. Abida Parveen,B3
FA21-BS(CS)-2-C,Programming Fundamentals,4,100,EE Mr Usman Naseem,A3
FA21-BS(CS)-2-C,Introduction to Business,4,10,MS Ms. Abida Parveen,B13
FA21-BS(CS)-2-C,Programming Fundamentals,4,10000,EE Mr. Amir Sabri,C Lab4
FA21-BS(CS)-2-D,Introduction to Business,4,100,MS Ms. Abida Parveen,B6
FA21-BS(CS)-2-D,Multivariable Calculus,4,10,MT Dr Asma,W2
SP21-BS(CS)-3-A,Object Oriented Programming,4,10,CS Mr. Nasir Mehdi,C2
SP21-BS(CS)-3-A,Digital Logic Design,4,100,EE Mr. Asif Imran,B5
SP21-BS(CS)-3-A,Object Oriented Programming,4,1000,CS Mr. Usman Ali,MS Lab
SP21-BS(CS)-3-A,Digital Logic Design,4,10000,EE Mr Waqar,DLD Lab
SP21-BS(CS)-3-B,Object Oriented Programming,4,100,CS Mr. Nasir Mehdi,W4
SP21-BS(CS)-3-B,Object Oriented Programming,4,1000,CS Mr. Nasir Mehdi,C Lab3
SP21-BS(CS)-3-B,Digital Logic Design,4,10,EE Mr Waqar,DLD Lab
FA20-BS(CS)-4-A,Software Engineering Concepts,4,1000,CS Mr. Muhammad Ahmad,C1.2
FA20-BS(CS)-4-A,Software Engineering Concepts,4,10000,CS Mr. Muhammad Ahmad,A1.2
FA20-BS(CS)-4-A,Pakistan Studies,4,10,EE Ms. Maham,B7
FA20-BS(CS)-4-B,Design and Analysis of Algorithms,4,10000,CS Mr. Yawar Abbas,C5
FA20-BS(CS)-4-B,Microprocessor and Assembly Language,4,100,EE Ms. Maham,C2.3
FA20-BS(CS)-4-B,Pakistan Studies,4,1000,EE Dr Sohaib,W1
FA20-BS(CS)-4-C,Linear Algebra,4,1000,MT Ms. Zoya,B5
FA20-BS(CS)-4-C,Statistics and Probability Theory,4,10,MT Dr Shahid,B12
FA20-BS(CS)-4-C,Microprocessor and Assembly Language,4,100,EE Ms Kanwal,CAD CAM Lab
SP20-BS(CS)-5-A,Operating Systems,4,1000,CS Mr. Muhammad Umar,C2.4
SP20-BS(CS)-5-A,Game Development,4,10000,CS Mr. Ali Sher Kashif,C2.5
SP20-BS(CS)-5-A,Introduction to ICT,4,100,EE Mr. Amir Sabri,C Lab3
SP20-BS(CS)-5-B,Operating Systems,4,1000,CS Mr. Muhammad Umar,C2.4
SP20-BS(CS)-5-B,Game Development,4,10000,CS Mr. Ali Sher Kashif,C2.5
SP20-BS(CS)-5-B,Introduction to ICT,4,100,EE Mr. Amir Sabri,C Lab3
FA19-BS(CS)-6-A,Theory of Automata,4,100,CS Mr. Yawar Abbas,C1.4
FA19-BS(CS)-6-A,Electricity Magnetism and Optics,4,10,EE Mr. Kashif,Elab
FA19-BS(CS)-6-A,Web Technologies,4,10000,CS Mr. Ahmad Shaf,C Lab1
FA19-BS(CS)-6-B,Software Project Management,4,10000,CS Ms. Madiha Fatima,C1
FA19-BS(CS)-6-B,Theory of Automata,4,10,CS Mr. Yawar Abbas,C1
FA19-BS(CS)-6-B,Theory of Automata,4,1000,CS Mr. Yawar Abbas,C3
FA19-BS(CS)-6-B,Electricity Magnetism and Optics,4,100,EE Dr. Aftab,B1
SP19-BS(CS)-7-A ,Compiler Construction,4,10000,CS Mr. Nasir Mehdi,C2.4
SP19-BS(CS)-7-B,Compiler Construction,4,10000,CS Mr. Nasir Mehdi,C2.4
FA18-BS(CS)-8-B,Professional Practices for IT,4,1000,CS Mr. Usman Nasir,C2
FA18-BS(CS)-8-B,Electricity Magnetism and Optics,4,10,EE Mr. Kashif,Elab
FA21-MS(RCS)-2-A,Advanced Topics in Computer Vision,4,10000,CS Dr. Muhammad Shoaib,C2
FA21-MS(RCS)-2-A,Research Methodology,4,100,CS Dr. Waheed Ramay,C4
FA21-MS(RCS)-2-A,Machine Learning,4,10,CS Dr. Muhammad Azhar,C5
FA21-MS(RCS)-2-A,Deep Reinforcement Learning,4,1000,CS Dr Farhan,C1.1
FA21-MS(RCS)-2-A,Advanced Topics in WirelessNetworks,4,10000,CS Dr. Tariq Ali,C1.1
SP22-MS(RCS)-1-A,Advanced Topics in Computer Vision,4,10000,CS Dr. Muhammad Shoaib,C2
SP22-MS(RCS)-1-A,Research Methodology,4,100,CS Dr. Waheed Ramay,C4
SP22-MS(RCS)-1-A,Machine Learning,4,10,CS Dr. Muhammad Azhar,C5
SP22-MS(RCS)-1-A,Deep Reinforcement Learning,4,1000,CS Dr Farhan,C1.1
SP22-MS(RCS)-1-A,Advanced Topics in WirelessNetworks,4,10000,CS Dr. Tariq Ali,C1.1
SP22-BBA-B30,Micro Economics,4,10,MS Ms Zunaira Khadim,B4
SP22-BBA-B30,Introduction to Computing (Lab),4,10000,MS Mr Moazzam Ali,MS Lab
FA21-BBA-B29,Business Mathematics I,4,100,MT Mr. Fakhar,B3
FA21-BBA-B29,Pakistan Studies,4,1000,MS Mr M Zia Hassan,B8
FA21-BBA-B29,Business Mathematics I,4,10000,MT Mr. Fakhar,B13
FA20-BBA-B27 (A),FM - MF,4,10000,MS Mr M Shoaib Sajjad,B9
FA20-BBA-B27 (B),Chinese,4,10,ME Mr. Ghulam Mustafa,B10
SP20-BBA-B26,SM-MSS,4,1000,MS Mr Moazzam Ali,B1
SP20-BBA-B26,SHRM - SiM,4,10000,MS Dr Salman Zulfiqar,B4
SP20-BBA-B26,SM-MSS,4,100,MS Mr Moazzam Ali,B9
SP20-BBA-B26,ERM,4,1000,MS Mr Ali Kirmani,B10
SP20-BBA-B26,IBF,4,1000,MS Mr Bilal Mian,B12
SP20-BBA-B26,IBF,4,100,MS Mr Bilal Mian,B13
SP20-BBA-B26,STSCM,4,10000,MS Dr Anees Haider,B14
FA19-BBA-B25 (A),SM-MSS,4,1000,MS Mr Moazzam Ali,B1
FA19-BBA-B25 (A),SHRM - SiM,4,10000,MS Dr Salman Zulfiqar,B4
FA19-BBA-B25 (A),SM-MSS,4,100,MS Mr Moazzam Ali,B9
FA19-BBA-B25 (A),ERM,4,1000,MS Mr Ali Kirmani,B10
FA19-BBA-B25 (A),STSCM,4,10000,MS Dr Anees Haider,B14
FA19-BBA-B25 (B),SM-MSS,4,1000,MS Mr Moazzam Ali,B1
FA19-BBA-B25 (B),SHRM - SiM,4,10000,MS Dr Salman Zulfiqar,B4
FA19-BBA-B25 (B),SM-MSS,4,100,MS Mr Moazzam Ali,B9
FA19-BBA-B25 (B),ERM,4,1000,MS Mr Ali Kirmani,B10
FA19-BBA-B25 (B),STSCM,4,10000,MS Dr Anees Haider,B14
SP19-BBA-B24,IBF,4,1000,MS Mr Bilal Mian,B12
SP19-BBA-B24,IBF,4,100,MS Mr Bilal Mian,B13
SP19-BBA-B24,STSCM,4,10000,MS Dr Anees Haider,B14
FA18-BBA-B23,Chinese,4,10,ME Mr. Ghulam Mustafa,B10
FA18-BBA-B23,IBF,4,1000,MS Mr Bilal Mian,B12
FA18-BBA-B23,IBF,4,100,MS Mr Bilal Mian,B13
FA18-BBA-B23,STSCM,4,10000,MS Dr Anees Haider,B14
FA20-BAF-B9,IFA,4,100,MS Mr Bilal Lodhi,B7
FA20-BAF-B9,Contemporary Taxation,4,1000,MS Mr Hafiz Yasir,B13
FA21-MBA-B3,Financial Decision Making,4,10,MS Dr Khurram Abbas,B5
FA21-MBA-B3,Management Fundamentals and Practices,4,1000,MS Dr Salman Zulfiqar,B9
FA21-MBA-B3,FM - MF,4,10000,MS Mr M Shoaib Sajjad,B9
SP21-MBA-B2,Advanced Managerial Economics,4,10000,MS Dr Khurram Chandia,B1
SP21-MBA-B2,SM-MSS,4,1000,MS Mr Moazzam Ali,B1
SP21-MBA-B2,Financial Decision Making,4,10,MS Dr Khurram Abbas,B5
SP21-MBA-B2,SM-MSS,4,100,MS Mr Moazzam Ali,B9
SP21-MBA-B2,IBF,4,1000,MS Mr Bilal Mian,B12
SP21-MBA-B2,IBF,4,100,MS Mr Bilal Mian,B13
FA20-MBA-B1,Advanced Managerial Economics,4,10000,MS Dr Khurram Chandia,B1
FA20-MBA-B1,Financial Decision Making,4,10,MS Dr Khurram Abbas,B5
SP22-RMS-B15,Statistical Inference & Research Methodology,4,10000,MS Dr Minhas Akbar,B3
SP22-RMS-B15,Advanced Marketing,4,10,MS Dr Saqib Ali,B6
SP22-RMS-B15,Finance Theory & Practice,4,1000,MS Dr Khurram Chandia,B11
SP22-RMS-B15,Issues in Strategic Management,4,100,MS Dr Muzhar Javed,B11
SP21-RMS-B14,CIHRM,4,100,MS Dr M Asrar ul Haq,
SP21-RMS-B14,SHRM - SiM,4,10000,MS Dr Salman Zulfiqar,B4
SP21-RMS-B14,Advanced Marketing,4,10,MS Dr Saqib Ali,B6
SP21-RMS-B14,Finance Theory & Practice,4,1000,MS Dr Khurram Chandia,B11
FA21-RMT B5,Inverse Problems in Wave Propagation,5,11000,MT Dr Raza,C1.3
FA21-RMT B5,Symmetry Method in Differential Equation,5,110,MT Dr Najma,C1.4
SP22-RMT B6,Inverse Problems in Wave Propagation,5,11000,MT Dr Raza,C1.3
SP22-RMT B6,Symmetry Method in Differential Equation,5,110,MT Dr Najma,C1.4
FA21-BSCVE-B5,Introduction to Computer Programming,5,10000,ME Mr. Muhammad Hunzala,A1.1
FA21-BSCVE-B5,Communication Skills,5,1000,CVE Engr. Shad Muhammad,B6
FA20-BSCVE-B4,Basic Structural Analysis,5,100,CVE Engr. M. Yousaf Mushtaq,A1
FA20-BSCVE-B4,Mechanics of Solids II,5,10,CVE Engr. Shad Muhammad,A1
FA20-BSCVE-B4,Numerical Computations,5,1000,EE Ms Amna Bashir,A2.2
FA19-BSCVE-B3,Highway Engineering,5,1,CVE Engr. Muhammad Shakil,A3
FA19-BSCVE-B3,Reinforced Concrete Design-I,5,10,CVE Engr. Fayyaz Ulhaq,B9
FA19-BSCVE-B3,Civil Engineering Construction and Graphics,5,100,CVE Engr. Waqar Ahsan,C lab5
FA18-BSCVE-B2,Reinforced Concrete Design-II,5,100,CVE Engr. Khadim Hussain,W2
FA18-BSCVE-B2,Final Year Project (Part II),5,10000,TBD,FYP Lab
FA18-BSCVE-B2,Reinforced Concrete Design-II,5,1000,CVE Engr. Waqar Ahsan,C lab5
FA21-BSEE-B10A,Electric Circuits Analysis I,5,10,EE Ms Kanwal,C&E Lab
FA21-BSEE-B10A,Digital Logic Design,5,10000,EE Mr Waqar,DLD Lab
FA20-BSEE-B9A,Signals and Systems,5,100,EE Ms Rida,Cisco Lab
FA20-BSEE-B9A,Electronics II,5,1000,EE Mr Waqar,C&E Lab
FA18-BSEE-B7A,Pakistan Studies,5,1000,EE Dr Sohaib,A1.1
FA18-BSEE-B7A,Pakistan Studies,5,10,EE Dr Sohaib,A1.2
FA21-BSME-B17-A,Islamic Studies,5,10,ME Mr. Nawaz,A3
FA21-BSME-B17-A,Islamic Studies,5,1000,ME Mr. Nawaz,Mechanics of Materials Lab
FA20-BSME-B16-A,Statistics and Probability Theory,5,1,EE Mr. Khalid Majeed,A1.2
FA20-BSME-B16-A,Circuits and Electronics Lab,5,1000,ME Ms. Arfa,Elab
FA20-BSME-B16-A,Circuits and Electronics Lab,5,1000,ME Mr.Aamir,Elab
FA20-BSME-B16-B,Report Writing Skills,5,1000,ME Mr. Ziaullah,A1.3
FA20-BSME-B16-B,Circuits and Electronics,5,10,ME Mr. Khawar Hussain,W1
FA20-BSME-B16-B,Mechanics of Materials II,5,1,ME Mr. Salman Nawaz,MachineLab
FA19-BSME-B15-A,Instrumentation and Measurement,5,1000,ME Mr. Muzammil Hussain,A1.2
FA19-BSME-B15-A,Machine Design (1hr),5,10000,ME Mr. Salman Nawaz,MachineLab
FA19-BSME-B15-A,Instrumentation and Measurement Lab,5,100,ME Ms. Arfa,HMT LAB
FA19-BSME-B15-A,Instrumentation and Measurement Lab,5,100,ME Mr. Naveed,HMT LAB
FA19-BSME-B15-B,Manufacturing Processes,5,100,ME Dr. Tauqeer Anwar,A3
FA19-BSME-B15-B,Instrumentation and Measurement Lab,5,10,ME Ms. Arfa,Physics Lab
FA19-BSME-B15-B,Instrumentation and Measurement Lab,5,10,ME Mr. Naveed,Physics Lab
FA18-BSME-B14-A,Maintenance Engineering (1hr),5,100,ME Dr. Muneeb Qasim,A1.1
FA18-BSME-B14-A,IC Engines,5,10,ME Mr. Hafeez Ahmad,A1.3
FA18-BSME-B14-A,Control Engineering,5,1000,ME Mr. Khawar Hussain,Thermodynamics Lab
FA18-BSME-B14-B,Finite Element Analysis Lab,5,10,ME Mr. Ali Zahid,CAD CAM Lab
FA21-BSBI-B25,Introduction to Computer Programming,5,10000,ME Mr. Muhammad Hunzala,A1.1
FA21-BSBI-B25,Calculus-I,5,10,ME Mr. Muzammil Hussain,A1.1
SP21-BSBI-B24,Data Structure,5,100,EE Dr waqas,C1.3
SP21-BSBI-B24,Linux for Biological Sciences,5,10,BI Ms Anum,C lab5
FA20-BSBI-B23,Object Oriented Programming,5,1000,EE Mr Hamid,DigitalLab
FA20-BSBI-B23,Introduction to Bioinformatics ,5,10000,BI Ms Anum,C lab5
SP20-BSBI-B22,New product development,5,100,MS Ms Sadaf Noor,B8
SP20-BSBI-B22,Bioinformatics Database Development,5,1000,BI MS Hajra,C Lab1
FA19-BSBI-B21,Bioinformatics Scripting,5,1000,BI Ms Tamsila,C3
FA19-BSBI-B21,Artificial Intelligence ,5,100,EE Mr Hamid,DigitalLab
FA19-BSBI-B21,Modern Programming Languages,5,10000,EE Ms Rida,Cisco Lab
SP19-BSBI-B20,Web Engineering,5,1000,EE Dr waqas,A2.1
SP19-BSBI-B20,Entrepreneurship,5,10000,MS Dr Salman Zulfiqar,B10
SP19-BSBI-B20,Biological Modeling and Simulation ,5,100,BI Mr Saad,W3
SP19-BSBI-B20,Bioinformatics Software Development,5,10,BI Adnan Tahir,C Lab3
SP22-FSN-B8,Introduction to Food Sciences and Nutrition,5,10,BI Dr Wasim,C5
SP21-FSN-B6,Fundamental of Biotechnology,5,1,BI Dr Farukh,C2.4
SP21-FSN-B6,Food Analysis,5,1000,BI Dr Hammad,C2.5
SP21-FSN-B6,Community Nutrition,5,10,BI Dr Asim,C2.5
FA20-FSN-B5-A,Nutritional Quality Management,5,100,BI Dr Wasim,C1
FA20-FSN-B5-A,Food Fermentation and Biotechnology,5,10,BI Dr Farukh,C1
FA20-FSN-B5-A,Confectionery and Snack Food,5,10000,FSN MS Summar,C1.2
FA20-FSN-B5-A,Minerals and Vitamins,5,1000,BI Dr Hasan,B10
FA20-FSN-B5-B,Minerals and Vitamins,5,10,BI Dr Hasan,C2.4
FA20-FSN-B5-B,Food Fermentation and Biotechnology,5,100,FSN Ms Maha,FSN Lab
SP20-FSN-B4,Sensory Evaluation of Foods,5,1000,FSN MS Anum,B7
SP20-FSN-B4,New product development,5,100,MS Ms Sadaf Noor,B8
SP20-FSN-B4,Sensory Evaluation of Foods,5,10000,FSN MS Anum,Bio Lab
SP20-FSN-B4,Sensory Evaluation of Foods,5,10,FSN MS Anum,FSN Lab
FA19-FSN-B3-A,Metabolism,5,100,BI Dr Hammad,B10
FA19-FSN-B3-A,Food Analysis,5,1000,FSN Ms Zahra,FSN Lab
FA19-FSN-B3-B,Food Analysis,5,10,FSN MS Oswa,C1.2
FA19-FSN-B3-B,Nutritional Counselling,5,1000,BI Adnan Tahir,C2.3
SP19-FSN-B2-A,Food Toxicology and Safety,5,1000,BI Dr Awais,C2
SP19-FSN-B2-A,Sugar and Beverage Technology,5,100,FSN MS Summar,C2.4
SP19-FSN-B2-A,Sugar and Beverage Technology,5,10,FSN Ms Maha,Bio Lab
SP19-FSN-B2-A,Sugar and Beverage Technology,5,10000,FSN Ms Maha,FSN Lab
SP19-FSN-B2-B,Processing of Fruits and Vegetables,5,10000,FSN MS Ammara,B5
SP19-FSN-B2-B,Food Microbiology,5,10,BI Dr Asif,W3
SP19-FSN-B2-B,Food Microbiology,5,100,FSN Ms Zahra,Bio Lab
FA21-RBS,Epigenetics,5,100,BI Dr Azhar,C1.1
FA21-RBS,Report Writing and Seminar,5,1000,ME Dr Rafi Raza,C1.2
FA21-RBS,Special Topics in Bioinformatics ,5,10000,BI Dr Asif,C2.3
FA21-RBS,Human Genetics,5,10,BI Dr.Sumaira,W2
SP22-BS(SE)-1-A,Applied Physics for Engineers,5,10,EE Ms. Sabeen,A2.1
SP22-BS(SE)-1-A,Introduction to ICT,5,100,EE Mr Asim,C Lab2
FA21-BS(SE)-2-A,Electric Circuits Analysis I,5,10000,CS Mr. Shahzad Ahmad,C4
FA21-BS(SE)-2-A,Calculus-I,5,10,ME Mr. Muzammil Hussain,A1.1
FA21-BS(SE)-2-A,Calculas & Analytical Geometry,5,100,MT Dr Asma,A1.3
FA21-BS(SE)-2-A,Calculas & Analytical Geometry,5,1000,MT Dr Asma,W1
FA21-BS(SE)-2-A,Electric Circuits Analysis I,5,1,CS Mr. Shahzad Ahmad,C&E Lab
FA21-BS(SE)-2-B,Electric Circuits Analysis I,5,10000,CS Mr. Shahzad Ahmad,C4
FA21-BS(SE)-2-B,Calculus-I,5,10,ME Mr. Muzammil Hussain,A1.1
FA21-BS(SE)-2-B,Calculas & Analytical Geometry,5,100,MT Dr Asma,A1.3
FA21-BS(SE)-2-B,Calculas & Analytical Geometry,5,1000,MT Dr Asma,W1
FA21-BS(SE)-2-B,Electric Circuits Analysis I,5,1,CS Mr. Shahzad Ahmad,C&E Lab
FA21-BS(SE)-2-C,Electric Circuits Analysis I,5,10000,CS Mr. Shahzad Ahmad,C4
FA21-BS(SE)-2-C,Calculus-I,5,10,ME Mr. Muzammil Hussain,A1.1
FA21-BS(SE)-2-C,Calculas & Analytical Geometry,5,100,MT Dr Asma,A1.3
FA21-BS(SE)-2-C,Calculas & Analytical Geometry,5,1000,MT Dr Asma,W1
FA21-BS(SE)-2-C,Electric Circuits Analysis I,5,1,CS Mr. Shahzad Ahmad,C&E Lab
SP21-BS(SE)-3-A,Linear Algebra,5,10,MT Dr Misbah,C1.3
FA20-BS(SE)-4-A,Electric Circuits Analysis I,5,10000,CS Mr. Shahzad Ahmad,C4
FA20-BS(SE)-4-A,Game Development,5,100,CS Mr. Ali Sher Kashif,C2.3
FA20-BS(SE)-4-A,Object Oriented SE,5,1000,CS Ms. Uzma Latif,A1
FA20-BS(SE)-4-A,Electric Circuits Analysis I,5,1,CS Mr. Shahzad Ahmad,C&E Lab
FA20-BS(SE)-4-B,Game Development,5,10,CS Mr. Ali Sher Kashif,C2
FA20-BS(SE)-4-B,Electric Circuits Analysis I,5,10000,CS Mr. Shahzad Ahmad,C4
FA20-BS(SE)-4-B,Electric Circuits Analysis I,5,1,CS Mr. Shahzad Ahmad,C&E Lab
FA20-BS(SE)-4-C,Data Structures and Algorithms,5,1000,CS Mr. Zafar Iqbal Roy,C1
FA20-BS(SE)-4-C,Data Structures and Algorithms,5,100,CS Mr. Zafar Iqbal Roy,C2
FA20-BS(SE)-4-C,Electric Circuits Analysis I,5,10000,CS Mr. Shahzad Ahmad,C4
FA20-BS(SE)-4-C,Differential Equations,5,10,MT Dr Manzoor,B10
FA20-BS(SE)-4-C,Electric Circuits Analysis I,5,1,CS Mr. Shahzad Ahmad,C&E Lab
SP20-BS(SE)-5-A,Web Technologies,5,10,CS Dr. Waheed Ramay,C1.1
SP20-BS(SE)-5-A,Data Communications and Computer Networks,5,1000,EE Dr Saqlain,A3
FA19-BS(SE)-6-A,Electric Circuits Analysis I,5,10000,CS Mr. Shahzad Ahmad,C4
FA19-BS(SE)-6-A,Software Design and Architecture,5,100,CS Ms. Mubeen Javed,C1.2
FA19-BS(SE)-6-A,Human Resource Management,5,10,MS Mr M Shoaib Bajwa,B8
FA19-BS(SE)-6-A,Electric Circuits Analysis I,5,1,CS Mr. Shahzad Ahmad,C&E Lab
FA19-BS(SE)-6-B,Electric Circuits Analysis I,5,10000,CS Mr. Shahzad Ahmad,C4
FA19-BS(SE)-6-B,Electric Circuits Analysis I,5,1,CS Mr. Shahzad Ahmad,C&E Lab
SP19-BS(SE)-7-A,Electric Circuits Analysis I,5,10000,CS Mr. Shahzad Ahmad,C4
SP19-BS(SE)-7-A,Machine Learning,5,1000,CS Dr. Muhammad Azhar,B4
SP19-BS(SE)-7-A,Electric Circuits Analysis I,5,1,CS Mr. Shahzad Ahmad,C&E Lab
FA18-BS(SE)-8-A,Electric Circuits Analysis I,5,10000,CS Mr. Shahzad Ahmad,C4
FA18-BS(SE)-8-A,Electric Circuits Analysis I,5,1,CS Mr. Shahzad Ahmad,C&E Lab
FA18-BS(SE)-8-B,Numerical Computing,5,10,MT Dr. Omar,C3
FA18-BS(SE)-8-B,Electric Circuits Analysis I,5,10000,CS Mr. Shahzad Ahmad,C4
FA18-BS(SE)-8-B,Electric Circuits Analysis I,5,1,CS Mr. Shahzad Ahmad,C&E Lab
SP22-BS(CS)-1-A,Pakistan Studies,5,100,EE H M Zeeshan,B13
SP22-BS(CS)-1-B,Pakistan Studies,5,1000,EE H M Zeeshan,C2.2
SP22-BS(CS)-1-B,English Comprehesion and Composition,5,100,CVE Ms. Saima Batool,C2.2
SP22-BS(CS)-1-B,Pakistan Studies,5,10000,EE H M Zeeshan,A2.2
SP22-BS(CS)-1-C,Pakistan Studies,5,10,CVE Engr. Muhammad Shakil,B14
SP22-BS(CS)-1-C,Applied Physics for Engineers,5,100,EE Mr. Kashif,Physics Lab
SP22-BS(CS)-1-D,Pakistan Studies,5,10,CVE Engr. Muhammad Shakil,B14
SP22-BS(CS)-1-D,Applied Physics for Engineers,5,1000,EE Mr Asim,Physics Lab
FA21-BS(CS)-2-A,Programming Fundamentals,5,10000,EE Mr. Munawar,A1
FA21-BS(CS)-2-A,Calculus-I,5,10,ME Mr. Muzammil Hussain,A1.1
FA21-BS(CS)-2-A,Calculas & Analytical Geometry,5,100,MT Dr Asma,A1.3
FA21-BS(CS)-2-A,Calculas & Analytical Geometry,5,1000,MT Dr Asma,W1
FA21-BS(CS)-2-B,Calculus-I,5,10,ME Mr. Muzammil Hussain,A1.1
FA21-BS(CS)-2-B,Calculas & Analytical Geometry,5,100,MT Dr Asma,A1.3
FA21-BS(CS)-2-B,Calculas & Analytical Geometry,5,1000,MT Dr Asma,W1
FA21-BS(CS)-2-C,Programming Fundamentals,5,10000,EE Mr Usman Naseem,A3
FA21-BS(CS)-2-C,Calculus-I,5,10,ME Mr. Muzammil Hussain,A1.1
FA21-BS(CS)-2-C,Calculas & Analytical Geometry,5,100,MT Dr Asma,A1.3
FA21-BS(CS)-2-C,Calculas & Analytical Geometry,5,1000,MT Dr Asma,W1
FA21-BS(CS)-2-D,Calculus-I,5,10,ME Mr. Muzammil Hussain,A1.1
FA21-BS(CS)-2-D,Calculas & Analytical Geometry,5,100,MT Dr Asma,A1.3
FA21-BS(CS)-2-D,Calculas & Analytical Geometry,5,1000,MT Dr Asma,W1
FA21-BS(CS)-2-D,Discrete Structures,5,10000,MT Dr Misbah,W4
SP21-BS(CS)-3-A,Digital Logic Design,5,10000,EE Mr Waqar,DLD Lab
SP21-BS(CS)-3-B,Differential Equations,5,110,MT Dr. Sami Ullah,W4
SP21-BS(CS)-3-B,Object Oriented Programming,5,1000,CS Mr. Nasir Mehdi,C Lab3
FA20-BS(CS)-4-A,Statistics and Probability Theory,5,10000,MT Ms. Nosheen,C2
FA20-BS(CS)-4-B,Statistics and Probability Theory,5,1000,MT Ms. Nosheen,C1.4
FA20-BS(CS)-4-B,Linear Algebra,5,10000,MT Ms. Zoya,B4
FA20-BS(CS)-4-B,Linear Algebra,5,10,MT Ms. Zoya,B11
FA20-BS(CS)-4-C,Design and Analysis of Algorithms,5,1000,CS Ms. Tahreem Saeed,C2.4
FA20-BS(CS)-4-C,Pakistan Studies,5,10,CVE Engr. Khadim Hussain,A2.2
FA20-BS(CS)-4-C,Microprocessor and Assembly Language,5,100,EE Ms Kanwal,CAD CAM Lab
SP20-BS(CS)-5-A,Software Design Methodologies,5,10,CS Ms. Mubeen Javed,B13
SP20-BS(CS)-5-A,Computer Architecture,5,1000,EE Dr Tariq Shahzad,W2
SP20-BS(CS)-5-A,Introduction to ICT,5,100,EE Mr. Amir Sabri,C Lab3
SP20-BS(CS)-5-B,Software Design Methodologies,5,10,CS Ms. Mubeen Javed,B13
SP20-BS(CS)-5-B,Computer Architecture,5,1000,EE Dr Tariq Shahzad,W2
SP20-BS(CS)-5-B,Introduction to ICT,5,100,EE Mr. Amir Sabri,C Lab3
FA19-BS(CS)-6-A,Software Project Management,5,10000,CS Ms. Madiha Fatima,C1
FA19-BS(CS)-6-A,Web Technologies,5,1000,CS Dr. Waheed Ramay,C4
FA19-BS(CS)-6-A,Electricity Magnetism and Optics,5,10,EE Mr. Kashif,Elab
FA19-BS(CS)-6-A,Web Technologies,5,100,CS Mr. Ahmad Shaf,C Lab1
FA19-BS(CS)-6-B,Software Project Management,5,100,CS Ms. Madiha Fatima,C3
FA19-BS(CS)-6-B,Electricity Magnetism and Optics,5,10,EE Dr. Aftab,B12
FA19-BS(CS)-6-B,Numerical Computing,5,10000,MT Dr. Hameedullah,W2
SP19-BS(CS)-7-A ,Computer Vision,5,100,CS Dr. Muhammad Azhar,C5
SP19-BS(CS)-7-B,Computer Vision,5,100,CS Dr. Muhammad Azhar,C5
FA18-BS(CS)-8-A,Electricity Magnetism and Optics,5,10000,EE Dr. Abuzar Baqir,C1.1
FA18-BS(CS)-8-B,Professional Practices for IT,5,10000,CS Mr. Usman Nasir,C5
FA18-BS(CS)-8-B,Electricity Magnetism and Optics,5,10,EE Mr. Kashif,Elab
FA21-MS(RCS)-2-A,Advanced Computer Architecture,5,10,EE Dr. Saeeda,C4
FA21-MS(RCS)-2-A,Theory of Programming Languages,5,100,CS Dr. Javed Ferzund,C4
FA21-MS(RCS)-2-A,Advanced Topics in Computer Vision,5,1000,CS Dr. Muhammad Shoaib,C5
FA21-MS(RCS)-2-A,Advanced Topics in WirelessNetworks,5,1000,CS Dr. Tariq Ali,C1.1
FA21-MS(RCS)-2-A,Theory of Programming Languages,5,10000,CS Dr. Javed Ferzund,C1.4
SP22-MS(RCS)-1-A,Advanced Computer Architecture,5,10,EE Dr. Saeeda,C4
SP22-MS(RCS)-1-A,Theory of Programming Languages,5,100,CS Dr. Javed Ferzund,C4
SP22-MS(RCS)-1-A,Advanced Topics in Computer Vision,5,1000,CS Dr. Muhammad Shoaib,C5
SP22-MS(RCS)-1-A,Advanced Topics in WirelessNetworks,5,1000,CS Dr. Tariq Ali,C1.1
SP22-MS(RCS)-1-A,Theory of Programming Languages,5,10000,CS Dr. Javed Ferzund,C1.4
SP22-BBA-B30,Introduction to Computing,5,1000,MS Mr Moazzam Ali,B8
SP22-BBA-B30,Introduction to Computing (Lab),5,10000,MS Mr Moazzam Ali,MS Lab
FA21-BBA-B29,Macro Economics,5,1,MS Ms Zunaira Khadim,B8
SP21-BBA-B28,BCW,5,100,MS Mr M Badar Iqbal,B12
FA20-BBA-B27 (A),Chinese,5,10,ME Mr. Ghulam Mustafa,B4
FA20-BBA-B27 (A),Chinese,5,100,ME Mr. Ghulam Mustafa,B5
FA20-BBA-B27 (B),Statistical Inference,5,1000,MS Dr HM Arshad,B3
SP20-BBA-B26,BM & MPB,5,1000,MS Dr Junaid,B1
SP20-BBA-B26,POM,5,10,MS Mr M Haris,B1
SP20-BBA-B26,Logistics Management,5,100,MS Usman Shahid,B4
SP20-BBA-B26,BM & MPB,5,1,MS Dr Junaid,B9
FA19-BBA-B25 (A),BM & MPB,5,1000,MS Dr Junaid,B1
FA19-BBA-B25 (A),Logistics Management,5,100,MS Usman Shahid,B4
FA19-BBA-B25 (A),BM & MPB,5,1,MS Dr Junaid,B9
FA19-BBA-B25 (B),BM & MPB,5,1000,MS Dr Junaid,B1
FA19-BBA-B25 (B),Logistics Management,5,100,MS Usman Shahid,B4
FA19-BBA-B25 (B),BM & MPB,5,1,MS Dr Junaid,B9
SP19-BBA-B24,IPM-IIWM-IM,5,10100,MS Mr Hafiz Yasir,B1
SP19-BBA-B24,Logistics Management,5,100,MS Usman Shahid,B4
SP19-BBA-B24,Advanced Topic in Change Management,5,10000,MS Mr M Shoaib Bajwa,B6
SP19-BBA-B24,CM,5,100,MS Dr Khalid Hussain,B6
SP19-BBA-B24,CM & ATCM,5,100,MS Dr M Waheed Akthar,B7
SP19-BBA-B24,Corporate Governance,5,10,MS Dr Muzhar Javed,B7
FA18-BBA-B23,IPM-IIWM-IM,5,10100,MS Mr Hafiz Yasir,B1
FA18-BBA-B23,Logistics Management,5,100,MS Usman Shahid,B4
FA18-BBA-B23,PM,5,1000,MS Mr M Haris,B5
FA18-BBA-B23,Advanced Topic in Change Management,5,10000,MS Mr M Shoaib Bajwa,B6
FA18-BBA-B23,CM,5,100,MS Dr Khalid Hussain,B6
FA18-BBA-B23,CM & ATCM,5,100,MS Dr M Waheed Akthar,B7
FA18-BBA-B23,PM,5,1,MS Mr M Haris,B7
SP21-BAF-B10,BCW,5,100,MS Mr M Badar Iqbal,B12
FA20-BAF-B9,Financial Reporting,5,100,MS Dr Khurram Abbas,B3
FA18-BAF-B8,Corporate Governance,5,10,MS Dr Muzhar Javed,B7
FA18-BAF-B8,Entrepreneurship,5,10000,MS Dr Salman Zulfiqar,B10
FA21-MBA-B3,Financial Decision Making,5,10,MS Dr Khurram Abbas,B5
FA21-MBA-B3,Management Fundamentals and Practices,5,1000,MS Dr Salman Zulfiqar,B9
SP21-MBA-B2,BM & MPB,5,1000,MS Dr Junaid,B1
SP21-MBA-B2,IPM-IIWM-IM,5,10100,MS Mr Hafiz Yasir,B1
SP21-MBA-B2,Financial Decision Making,5,10,MS Dr Khurram Abbas,B5
SP21-MBA-B2,BM & MPB,5,1,MS Dr Junaid,B9
FA20-MBA-B1,IPM-IIWM-IM,5,10100,MS Mr Hafiz Yasir,B1
FA20-MBA-B1,Financial Decision Making,5,10,MS Dr Khurram Abbas,B5
FA20-MBA-B1,Advanced Topic in Change Management,5,10000,MS Mr M Shoaib Bajwa,B6
FA20-MBA-B1,CM & ATCM,5,100,MS Dr M Waheed Akthar,B7
SP22-RMS-B15,Statistical Inference & Research Methodology,5,10000,MS Dr Minhas Akbar,B3
SP22-RMS-B15,Advanced Marketing,5,10,MS Dr Saqib Ali,B6
SP22-RMS-B15,Finance Theory & Practice,5,1000,MS Dr Khurram Chandia,B11
SP22-RMS-B15,Issues in Strategic Management,5,100,MS Dr Muzhar Javed,B11
SP21-RMS-B14,CIHRM,5,100,MS Dr M Asrar ul Haq,
SP21-RMS-B14,Advanced Marketing,5,10,MS Dr Saqib Ali,B6
SP21-RMS-B14,Finance Theory & Practice,5,1000,MS Dr Khurram Chandia,B11
